timestamp,ALPHA,BRAVO,CHARLIE,DELTA,ECHO,FOXTROT
2024-01-02,0,0,0,0,0,0
2024-01-03,0,0,0,0,0,0
2024-01-04,0,0,0,0,0,0
2024-01-05,0,0,0,0,0,0
2024-01-08,0,0,0,0,0,0
2024-01-09,0,0,0,0,0,0
2024-01-10,0,0,0,0,0,0
2024-01-11,0,0,0,0,0,0
2024-01-12,0,0,0,0,0,0
2024-01-15,0,0,0,0,0,0
2024-01-16,0,0,0,0,0,0
2024-01-17,0,0,0,0,0,0
2024-01-18,0,0,0,0,0,0
2024-01-19,0,0,0,0,0,0
2024-01-22,0,0,0,0,0,0
2024-01-23,0,0,0,0,0,0
2024-01-24,0,0,0,0,0,0
2024-01-25,0,0,0,0,0,0
2024-01-26,0,0,0,0,0,0
2024-01-29,0,0,0,0,0,0
2024-01-30,0,0.29999999999999999,-0.28620183231980351,0,-0.21379816768019649,0.20000000000000001
2024-01-31,0,0.29999999999999999,-0.20000000000000001,0,-0.29999999999999999,0.20000000000000001
2024-02-01,0,0.29999999999999999,-0.27715469784205443,0,-0.2228453021579456,0.20000000000000001
2024-02-02,0.28634486931219078,0.21365513068780917,-0.27793490661922865,0,-0.22206509338077132,0
2024-02-05,0.20632891047385124,0,-0.20000000000000001,0,-0.29999999999999999,0.29367108952614873
2024-02-06,0.27805030036793887,0.17493267949601532,-0.20000000000000001,0,-0.29999999999999999,0.047017020136045827
2024-02-07,0.28783350708545985,0.065405625552164059,-0.20000000000000001,0,-0.29999999999999999,0.14676086736237606
2024-02-08,0.17204051257698905,0.066362183609117539,-0.20000000000000001,0,-0.29999999999999999,0.26159730381389334
2024-02-09,0,0.20722694078435358,-0.20000000000000001,0,-0.29999999999999999,0.29277305921564645
2024-02-12,0,0.20521519893411455,-0.20000000000000001,0,-0.29999999999999999,0.29478480106588545
2024-02-13,0.16133952416410524,0.057589444385986288,-0.29999999999999999,-0.14371902536384082,-0.056280974636159178,0.28107103144990842
2024-02-14,0.20000000000000001,0,-0.29999999999999999,-0.20000000000000001,0,0.29999999999999999
2024-02-15,0.20000000000000001,0,-0.29999999999999999,-0.20000000000000001,0,0.29999999999999999
2024-02-16,0.058919947409945994,0,-0.29999999999999999,-0.20000000000000001,0.14108005259005402,0.29999999999999999
2024-02-19,0.056802488093586755,0,-0.29999999999999999,-0.20000000000000001,0.14331528554472442,0.29988222636168882
2024-02-20,-0.20000000000000001,0,-0.29999999999999999,0,0.20000000000000001,0.29999999999999999
2024-02-21,-0.20000000000000001,0,-0.29999999999999999,0.12982573319146251,0.29925797730493991,0.070916289503597615
2024-02-22,-0.20000000000000001,0,-0.29999999999999999,0.20000000000000001,0.29999999999999999,0
2024-02-23,0,-0.20326719924037309,-0.29673280075962688,0.28110830545605364,0.21889169454394636,0
2024-02-26,0,-0.19587867655633531,-0.054160696419197504,0.20000000000000001,0.29999999999999999,-0.24996062702446717
2024-02-27,0.21786885570916711,-0.29999999999999999,0,0,0.28213114429083291,-0.20000000000000001
2024-02-28,0,-0.21907590790112488,0.29999999999999999,0.13989663310087486,0.060103366899125148,-0.28092409209887514
2024-02-29,0,-0.21782831253280979,0.29999999999999999,0.14139361341037521,0.058606386589624797,-0.28217168746719018
2024-03-01,0.15958188131807305,-0.29999999999999999,0.29999999999999999,0.040418118681926969,0,-0.20000000000000001
2024-03-04,0.20000000000000001,-0.28665510499425273,0.29999999999999999,0,0,-0.21334489500574727
2024-03-05,0.20000000000000001,-0.27557035819967446,0.29999999999999999,0,0,-0.22442964180032557
2024-03-06,0.20000000000000001,-0.2745082906676326,0.29999999999999999,-0.14256709853994748,0,-0.082924610792419903
2024-03-07,0.20000000000000001,-0.26679531660462341,0.29999999999999999,-0.14522694275164716,0,-0.087977740643729471
2024-03-08,0.051499712596000627,-0.16338901200524789,0.29999999999999999,-0.24496586410363957,0.14850028740399937,-0.091645123891112526
2024-03-11,0,-0.29999999999999999,0.29999999999999999,-0.20000000000000001,0.20000000000000001,0
2024-03-12,-0.29999999999999999,-0.20000000000000001,0.21097878469541048,0,0.28902121530458957,0
2024-03-13,-0.29999999999999999,0,0.23593663760066255,-0.20000000000000001,0.26406336239933742,0
2024-03-14,-0.23697151294798766,0.22743194799589178,0.22366128055267812,-0.042252757523095576,0.048906771451430117,-0.22077572952891675
2024-03-15,-0.25426898605682063,0.25959987044773147,0.081025259498284041,0.15937487005398446,0,-0.24573101394317934
2024-03-18,-0.26117229784624091,0.24211150188668404,0.21130695661374729,0.046581541499568654,0,-0.23882770215375909
2024-03-19,-0.26238230563908571,0.24152130950671824,0.21222106190557924,0.046257628587702534,0,-0.23761769436091434
2024-03-20,-0.24836039687282502,0.24050746171078052,0.21401854735127643,0.045473990937943097,0,-0.25163960312717504
2024-03-21,-0.26754096683206302,0.26358747094479124,0.077075234702933065,-0.14655435715325862,0.15933729435227573,-0.085904676014678369
2024-03-22,-0.16226029727588151,0.049249950195722321,0.21560309243077538,-0.24943578849711065,0.23514695737350227,-0.08830391422700784
2024-03-25,-0.15277542142478209,0.051737717669700402,0.29999999999999999,-0.25435511212603112,0.14826228233029962,-0.092869466449186741
2024-03-26,-0.15756763376675109,0.052493049948838591,0.29999999999999999,-0.25878871200734216,0.14750695005116141,-0.083643654225906763
2024-03-27,-0.1516599424361498,0.050652325010361099,0.29999999999999999,-0.26559230869441058,0.14934767498963894,-0.082747748869439613
2024-03-28,-0.15349053950552197,0.050168564858826752,0.29999999999999999,-0.26254692584752526,0.14983143514117325,-0.083962534646952719
2024-03-29,-0.20000000000000001,0,0.29999999999999999,-0.29999999999999999,0.20000000000000001,0
2024-04-01,-0.25789306926079997,0,0.29999999999999999,-0.041066760821503505,0.20000000000000001,-0.20104016991769652
2024-04-02,-0.27612546724300185,0.29999999999999999,0.065910660353672004,-0.040476417580062346,0.13408933964632802,-0.18339811517693577
2024-04-03,-0.27360676210933682,0.27346856433794114,0.18429271567298308,-0.041844291843594734,0.042238719989075829,-0.18454894604706837
2024-04-04,-0.29977873027930968,0.29707010451425037,0.20292989548574961,0,0,-0.20022126972069032
2024-04-05,-0.29999999999999999,0.29973916266689182,0.066847659234393675,0.13341317809871447,0,-0.20000000000000001
2024-04-08,-0.29710455614006631,0.27171235733023563,0.18708548585561627,0.041202156814148169,0,-0.20289544385993372
2024-04-09,-0.2969457025798875,0.26615922389008184,0.19361525214098405,0.040225523968934085,-0.140185160032544,-0.062869137387568524
2024-04-10,-0.16908241797646301,0.29643651974802321,0.069882905676545634,0.13368057457543112,-0.046004367466509002,-0.28491321455702801
2024-04-11,-0.27320123944480706,0.29999999999999999,0.066845151374214498,0.1331548486257855,-0.047342827170030653,-0.17945593338516225
2024-04-12,-0.15312759629002023,0.29999999999999999,0.057977524171606523,0.14202247582839347,-0.048287579553022701,-0.29858482415695703
2024-04-15,-0.26331376983831895,0.29999999999999999,0.15362191243940163,0.046378087560598386,-0.048876665998417564,-0.18780956416326353
2024-04-16,-0.20000000000000001,0.29999999999999999,0.20000000000000001,0,0,-0.29999999999999999
2024-04-17,0,0.29999999999999999,0.20000000000000001,-0.20000000000000001,0,-0.29999999999999999
2024-04-18,0,0.29999999999999999,0.20000000000000001,0,-0.20000000000000001,-0.29999999999999999
2024-04-19,0,0.29999999999999999,0,0.20000000000000001,-0.20000000000000001,-0.29999999999999999
2024-04-22,0,0.24682991838023061,0,0.25317008161976945,-0.20000000000000001,-0.29999999999999999
2024-04-23,0,0.24981329911328037,0,0.25018670088671957,-0.20000000000000001,-0.29999999999999999
2024-04-24,0,0.29999999999999999,-0.24983229784985209,0.20000000000000001,-0.066394704504791874,-0.18377299764535604
2024-04-25,0.28401863949431022,0.066040640471851278,-0.24749002624628949,0.14994072003383851,-0.19816552421686537,-0.054344449536845113
2024-04-26,0.26836984939189096,0.18462834641968903,-0.25813468340035395,0.047001804188420079,-0.070865316082904917,-0.17100000051674116
2024-04-29,0.29549969470533555,0.20450030529466445,-0.2971246501237888,0,0,-0.2028753498762112
2024-04-30,0,0.20823674483167162,-0.2934387482793015,0.29176325516832841,0,-0.20656125172069847
2024-05-01,-0.17034589446572271,0.20770217680277997,-0.26703766567669462,0.29229782319722003,0,-0.062616439857582668
2024-05-02,-0.20000000000000001,0.053610793761462217,-0.29999999999999999,0,0.29999999999999999,0.14638920623853777
2024-05-03,-0.27417865942696534,0.051723167725200692,-0.053236277220594014,-0.1725850633524407,0.21695209599182122,0.23132473628297814
2024-05-06,-0.2763348945388821,0.052149369935472409,-0.16383154850838497,-0.05983355695273293,0.21773902381659474,0.23011160624793281
2024-05-07,-0.26520706585611109,-0.17949370191744982,0,-0.05529923222643908,0.2358671229129016,0.26413287708709837
2024-05-08,-0.26903481439612065,-0.059883345379370977,0,-0.17108184022450837,0.23998752151914171,0.26001247848085829
2024-05-09,-0.27319696581148351,-0.05813888060211269,0,-0.16866415358640385,0.29999999999999999,0.20000000000000001
2024-05-10,-0.27068235425584763,0,0.20000000000000001,-0.0522321130195414,0.29999999999999999,-0.17708553272461092
2024-05-13,-0.29999999999999999,0,0.28339387670182498,0,0.21660612329817505,-0.20000000000000001
2024-05-14,-0.29387334725220932,-0.15099429701010081,0.047227241623290526,0.15741125535388284,0.2953615030228266,-0.055132355737689848
2024-05-15,-0.27223772882889036,-0.16844033823624457,0.046856899787759677,0.15715115943277536,0.29599194077946495,-0.059321932934865013
2024-05-16,-0.27139252596347141,-0.056618274171506562,0.050438353931757919,0.27448996942685006,0.175071676641392,-0.17198919986502198
2024-05-17,-0.2840095841097422,-0.052936885348438954,0.052007733555467665,0.29359523711946006,0.15439702932507229,-0.16305353054181887
2024-05-20,-0.16970891227786505,-0.052422901944831644,0.052360490626114774,0.29478768975595371,0.15285181961793151,-0.27786818577730332
2024-05-21,-0.20000000000000001,0,0,0.29999999999999999,0.20000000000000001,-0.29999999999999999
2024-05-22,-0.2020721359946698,0,0,0.20000000000000001,0.29999999999999999,-0.29792786400533022
2024-05-23,-0.20000000000000001,0.29999999999999999,0,0.20000000000000001,0,-0.29999999999999999
2024-05-24,-0.043198343837541626,0.27232934778346135,0.17275290983386651,0.054917742382672163,-0.16348208140360049,-0.29331957475885795
2024-05-27,0.20000000000000001,0.29999999999999999,0,-0.20000000000000001,0,-0.29999999999999999
2024-05-28,0.27659675444362508,0.22340324555637497,0,-0.27328811430807509,0,-0.22671188569192496
2024-05-29,0.26324781324315139,0.23675218675684856,0,-0.27146931210433006,0,-0.22853068789566994
2024-05-30,0.20000000000000001,0.29999999999999999,0,-0.26147711108252158,0,-0.23852288891747844
2024-05-31,0.20000000000000001,0.29999999999999999,0,-0.23724525603497226,-0.18799113483257551,-0.074763609132452238
2024-06-03,0.20000000000000001,0.29999999999999999,0,-0.24161114530867484,-0.18401754042556637,-0.074371314265758812
2024-06-04,0.20000000000000001,0.29999999999999999,0,-0.23964228824082129,-0.18457892107763804,-0.075778790681540656
2024-06-05,0.20000000000000001,0.29999999999999999,0,-0.2768860630081319,-0.22311393699186816,0
2024-06-06,0.20000000000000001,0.29999999999999999,0,-0.27291265993205432,-0.22708734006794568,0
2024-06-07,0.036408854686631131,0.28785601583615955,0,-0.2633520585967879,-0.23664794140321213,0.17573512947720935
2024-06-10,0.037641479118320748,0.28450603895045068,0,-0.20000000000000001,-0.29999999999999999,0.17785248193122857
2024-06-11,-0.21217054214275219,0.27984778574084695,-0.22293510422946217,0,-0.064894353627785603,0.22015221425915302
2024-06-12,-0.24278893927188477,0.29999999999999999,-0.25721106072811528,0.20000000000000001,0,0
2024-06-13,0.15129600295611012,0.29779914808932118,-0.060750048843748426,0.050904848954568691,-0.16400338023286332,-0.27524657092338833
2024-06-14,0.05053057589299436,0.29901090546297693,-0.060958680765536843,0.1504585186440287,-0.16049423832839813,-0.27854708090606506
2024-06-17,0.20000000000000001,0.29999999999999999,0,0,-0.29999999999999999,-0.20000000000000001
2024-06-18,0.20000000000000001,0.29999999999999999,-0.20000000000000001,0,-0.29999999999999999,0
2024-06-19,0.14964178655669771,0.060089720034234247,-0.069463905725802119,-0.13053609427419791,-0.29999999999999999,0.29026849340906807
2024-06-20,0.042103973016800349,0,0.21439310220983404,-0.20000000000000001,-0.29999999999999999,0.24350292477336558
2024-06-21,0.044292818653296637,0,0.21484763798790257,-0.24840839695141584,-0.25159160304858419,0.24085954335880086
2024-06-24,0.044500501741795956,0,0.21915831175786538,-0.26225569403212978,-0.23774430596787022,0.2363411865003387
2024-06-25,0.047392681164259036,0,0.21901356767964392,-0.26947159405196697,-0.23052840594803301,0.23359375115609701
2024-06-26,0.049102734763743355,-0.15827359639189698,0.21470623462754942,-0.26558515381398518,-0.076141249794117891,0.23619103060870722
2024-06-27,0,-0.20000000000000001,0.22448553628080653,-0.29999999999999999,0,0.27551446371919341
2024-06-28,0,-0.20000000000000001,0.22397593739331617,-0.29999999999999999,0,0.27602406260668383
2024-07-01,0,-0.20369373642688252,0.22037643709775362,-0.29630626357311751,0,0.27962356290224633
2024-07-02,0.16463340920921174,-0.29999999999999999,0.069090223306228035,-0.20000000000000001,0,0.26627636748456029
2024-07-03,0.28059310414287852,-0.29999999999999999,0.066840434342659752,-0.20000000000000001,0,0.15256646151446174
2024-07-04,0.2775772631744991,-0.05103071088409683,0.068623217280128421,-0.24085793042818812,-0.20811135868771508,0.15379951954537244
2024-07-05,0.27078791242317546,-0.05009417688379391,0.072433081514077249,-0.14990582311620612,-0.29999999999999999,0.15677900606274728
2024-07-08,0.29999999999999999,0.20000000000000001,-0.20030145462960938,0,-0.29969854537039065,0
2024-07-09,0.28499850596256715,0.061162202855354737,-0.29999999999999999,0.15383929118207809,-0.20000000000000001,0
2024-07-10,0.28249658309960962,0.060726901127375624,-0.20365393257187039,0.15677651577301471,-0.29634606742812963,0
2024-07-11,0.27824243979085739,0.17219950219355032,-0.29999999999999999,0.049558058015592231,-0.20000000000000001,0
2024-07-12,0.27840274062023285,0.17234803296993281,-0.29999999999999999,0.049249226409834319,-0.20000000000000001,0
2024-07-15,0.18422545073551447,0.062872280719778878,-0.29999999999999999,0.2529022685447066,-0.20000000000000001,0
2024-07-16,0.29395843900102536,0.06320805554726347,-0.29999999999999999,0.1428335054517112,-0.20000000000000001,0
2024-07-17,0.29999999999999999,0.20000000000000001,-0.29999999999999999,0,-0.20000000000000001,0
2024-07-18,0.263428463179668,0.056762435004849773,-0.29999999999999999,0,-0.20000000000000001,0.17980910181548215
2024-07-19,0.1527766234974306,0.28358645759483353,-0.29999999999999999,0,-0.20000000000000001,0.063636918907735818
2024-07-22,0.25837819169162873,0.057740481265495115,-0.29999999999999999,-0.13537800131367841,-0.064621998686321611,0.18388132704287613
2024-07-23,0.25375543774494902,0.056320981129454349,-0.29999999999999999,-0.037477135899040913,-0.16252286410095909,0.18992358112559654
2024-07-24,0.26764405917773043,0.1693874429710335,-0.068355564323632531,-0.13164443567636747,-0.29999999999999999,0.062968497851236122
2024-07-25,0.26604753666336528,0.17124798985782141,-0.077093198381240693,-0.12290680161875929,-0.29999999999999999,0.062704473478813319
2024-07-26,0.17502851978038797,0.26096031256242347,-0.20718373238343266,-0.21962851352427221,-0.073187754092295054,0.064011167657188561
2024-07-29,0.15840014916260875,0.045084503324766309,-0.20455285674566928,-0.22357951626946546,-0.071867626984865263,0.29651534751262498
2024-07-30,0.18300754044567238,0.25200839853469958,-0.28886682641018618,-0.035125419207881682,-0.17600775438193214,0.064984061019627989
2024-07-31,0.2879003393737497,0.14889459368773969,-0.28967110510959804,-0.038475497015206521,-0.17185339787519538,0.063205066938510621
2024-08-01,0.28104587111591378,0.052699344390565568,-0.29407583303739482,-0.038647382716827668,-0.16727678424577749,0.16625478449352066
2024-08-02,0.29948739934659702,0.048427581475981099,-0.29999999999999999,-0.13447778690193865,-0.065522213098061374,0.1520850191774219
2024-08-05,0.21171702748401028,0,-0.29999999999999999,-0.20000000000000001,0,0.28828297251598978
2024-08-06,0.20450782476812132,0,-0.29999999999999999,-0.20000000000000001,0,0.29549217523187871
2024-08-07,0.21206803422633325,-0.17092736854786628,-0.28880645612287709,-0.040266175329256658,0,0.28793196577366675
2024-08-08,0.29999999999999999,-0.16986327408282439,-0.29077945879528966,-0.039357267121885912,0,0.20000000000000001
2024-08-09,0.20000000000000001,-0.28656767480502343,-0.17279839417949089,-0.040633931015485646,0,0.29999999999999999
2024-08-12,0.20000000000000001,-0.1835047427327221,-0.26901482325869719,-0.047480434008580617,0,0.29999999999999999
2024-08-13,0.057075438498760671,-0.29341692565797323,-0.15574835929683317,-0.050834715045193643,0.16380841138304997,0.27911615011818941
2024-08-14,0,-0.29999999999999999,-0.20000000000000001,0,0.20000000000000001,0.29999999999999999
2024-08-15,0,-0.29999999999999999,-0.20000000000000001,0,0.20000000000000001,0.29999999999999999
2024-08-16,0,-0.20795230513061391,-0.29204769486938609,0,0.20000000000000001,0.29999999999999999
2024-08-19,-0.19644295586191096,-0.05828695880073325,-0.24527008533735578,0,0.20000000000000001,0.29999999999999999
2024-08-20,-0.067339582587477353,-0.28513317629830182,-0.14752724111422078,0,0.20000000000000001,0.29999999999999999
2024-08-21,-0.063642606922914693,-0.16218932391798072,-0.27416806915910463,0,0.29999999999999999,0.20000000000000001
2024-08-22,-0.060780573597506722,-0.17057931960025344,-0.26864010680223988,0,0.20000000000000001,0.29999999999999999
2024-08-23,-0.05666871513051637,-0.18669416599112254,-0.25663711887836105,0,0.20000000000000001,0.29999999999999999
2024-08-26,-0.058423162416529187,-0.1813283837341837,-0.26024845384928708,0,0.20000000000000001,0.29999999999999999
2024-08-27,-0.062032541947895065,-0.19474055596300874,-0.2432269020890962,0,0.20000000000000001,0.29999999999999999
2024-08-28,-0.068587198692596898,-0.18708028415637298,-0.24433251715103016,0,0.20000000000000001,0.29999999999999999
2024-08-29,0,-0.2138438927578927,-0.28615610724210727,0,0.20000000000000001,0.29999999999999999
2024-08-30,0.16367350105872303,-0.21311134079883734,-0.28688865920116274,0,0.056045208568827116,0.28028129037244981
2024-09-02,0.26582757815549912,-0.20876723223663726,-0.29123276776336265,0,0.05944900608520956,0.17472341575929132
2024-09-03,0.26374837254836453,-0.21245908802764027,-0.2875409119723597,0,0.1820404922123138,0.054211135239321639
2024-09-04,0.26392805608720821,-0.21352652115613702,-0.28647347884386298,0,0.059393576459973924,0.1766783674528179
2024-09-05,0.29999999999999999,-0.21443561245769607,-0.28556438754230401,0,0,0.20000000000000001
2024-09-06,0.29999999999999999,-0.20804230051158482,-0.29195769948841521,0,0,0.20000000000000001
2024-09-09,0.20000000000000001,-0.20000000000000001,-0.29999999999999999,0,0,0.29999999999999999
2024-09-10,0.20000000000000001,-0.29999999999999999,-0.20000000000000001,0,0,0.29999999999999999
2024-09-11,0.050514183010478393,-0.29999999999999999,-0.20000000000000001,0,0.16827439580158066,0.2812114211879409
2024-09-12,0,-0.29999999999999999,-0.20000000000000001,0,0.20000000000000001,0.29999999999999999
2024-09-13,0,-0.29999999999999999,-0.20000000000000001,0,0.29999999999999999,0.20000000000000001
2024-09-16,-0.27684994752690212,-0.060648527131597706,-0.16250152534150022,0,0.29999999999999999,0.20000000000000001
2024-09-17,-0.27290816718284039,-0.064564667346980242,-0.16252716547017934,0,0.29999999999999999,0.20000000000000001
2024-09-18,-0.26753671823980807,-0.18716604968410755,-0.045297232076084396,0.16533941928253112,0.28152292769804732,0.053137653019421589
2024-09-19,-0.29999999999999999,-0.20000000000000001,0.15570603104955835,0.055443239314523524,0.28885072963591812,0
2024-09-20,-0.29999999999999999,-0.20000000000000001,0.16242658580599958,0.055853043186042471,0.28172037100795799,0
2024-09-23,-0.29948587762453233,-0.20051412237546773,0.16270443266091991,0.05772402123282061,0.27957154610625951,0
2024-09-24,-0.29999999999999999,-0.20000000000000001,0.182339751517441,0.053894315086514009,0.26376593339604498,0
2024-09-25,-0.20000000000000001,-0.29999999999999999,0.18230412552012534,0.055413132551326752,0.26228274192854795,0
2024-09-26,-0.20000000000000001,-0.29999999999999999,0.18430252607541908,0.052450110878029546,0.26324736304655133,0
2024-09-27,-0.20000000000000001,-0.29999999999999999,0.19843554747389039,0.2488307552049101,0.052733697321199494,0
2024-09-30,-0.20000000000000001,-0.29999999999999999,0.29999999999999999,0.15011764380555173,0.049882356194448287,0
2024-10-01,-0.20000000000000001,-0.29999999999999999,0.29999999999999999,0.05121608013210785,0.14878391986789216,0
2024-10-02,-0.20954826904490473,-0.29045173095509519,0,0.058041185557464507,0.27721644938441475,0.16474236505812073
2024-10-03,-0.21224043417631208,-0.287759565823688,0,0.29999999999999999,0.20000000000000001,0
2024-10-04,-0.21143336038830748,-0.28856663961169254,0,0.27579254982024254,0.057156533814635091,0.1670509163651224
2024-10-07,-0.21694323972890356,-0.28305676027109639,0,0.28813320339388432,0.057963979790245694,0.15390281681586998
2024-10-08,-0.21783434428706347,-0.28216565571293645,0,0.29167407639925591,0.057674440665744217,0.15065148293499983
2024-10-09,-0.29999999999999999,-0.20000000000000001,0,0.29252055797459992,0.055629494808154427,0.15184994721724565
2024-10-10,-0.29422958020558593,-0.045961428322702065,-0.15980899147171201,0.16366760033161079,0.057668960858890388,0.27866343880949879
2024-10-11,-0.27856768080580774,0,-0.055256440507881449,0.20035459190347671,-0.16617587868631076,0.29964540809652329
2024-10-14,-0.28043511362516377,0.16878779082816014,-0.057384497693136027,0.063694866297539426,-0.1621803886817002,0.2675173428743004
2024-10-15,-0.17099850297049285,0.16483117677796644,-0.057835848165022394,0.062685006175779101,-0.27116564886448474,0.27248381704625452
2024-10-16,-0.20000000000000001,0.29999999999999999,0,0,-0.29999999999999999,0.20000000000000001
2024-10-17,0.20300812415397251,0,-0.2129920188868136,0,-0.28700798111318643,0.29699187584602749
2024-10-18,0.065016128148262145,0.26114538451373925,-0.071064789578552848,-0.16551933172086908,-0.26341587870057814,0.17383848733799862
2024-10-21,0.29999999999999999,0.20000000000000001,0,-0.20000000000000001,-0.29999999999999999,0
2024-10-22,0.060154865478713404,0.13984513452128661,0.29999999999999999,-0.056886699989194121,-0.29761064325640241,-0.14550265675440349
2024-10-23,0.060284504493221806,0.1397154955067782,0.29999999999999999,-0.0567889673349549,-0.2953295126174037,-0.14788152004764143
2024-10-24,0,0.04531215235828135,0.29999999999999999,0.15468784764171867,-0.29999999999999999,-0.20000000000000001
2024-10-25,0,0.045786600077356958,0.1803664526268953,0.27384694729574777,-0.29999999999999999,-0.20000000000000001
2024-10-28,0,0.15909219606897462,0.061683839933153448,0.27922396399787192,-0.29999999999999999,-0.20000000000000001
2024-10-29,0,0.15648276944599412,0.062446326266265909,0.2810709042877399,-0.29999999999999999,-0.20000000000000001
2024-10-30,0,0.16271414763450656,0.061385754050121491,0.27590009831537199,-0.29999999999999999,-0.20000000000000001
2024-10-31,0,0.050556796394536758,0.17757029594724888,0.27187290765821442,-0.2122338225476664,-0.28776617745233363
2024-11-01,0,0.048553313618325829,0.18430434429109213,0.26714234209058207,-0.29999999999999999,-0.20000000000000001
2024-11-04,0,0.05016209006316396,0.17546787695526991,0.27437003298156615,-0.29999999999999999,-0.20000000000000001
2024-11-05,0,0.20000000000000001,0,0.29999999999999999,-0.29999999999999999,-0.20000000000000001
2024-11-06,0.29999999999999999,0,0,0.20000000000000001,-0.29999999999999999,-0.20000000000000001
2024-11-07,0.29999999999999999,0,0.20000000000000001,-0.20000000000000001,-0.29999999999999999,0
2024-11-08,0.29999999999999999,0.20000000000000001,-0.16578302322760236,-0.053252032920046717,-0.28096494385235099,0
2024-11-11,0.28358879699451034,-0.15659545147953191,-0.28070928639016202,0,-0.062695262130306101,0.21641120300548966
2024-11-12,0.28315263545583097,0,-0.29780912111282237,0,-0.20219087888717766,0.21684736454416897
2024-11-13,0.29218474194553296,0,-0.29912467764696621,0,-0.20087532235303382,0.20781525805446707
2024-11-14,0.28597716918091076,0,-0.20000000000000001,0,-0.29999999999999999,0.21402283081908924
2024-11-15,0.27553977808388985,0,-0.28903578588977485,0,-0.21096421411022509,0.2244602219161102
2024-11-18,0.20000000000000001,0,-0.29575444054751387,0,-0.20424555945248613,0.29999999999999999
2024-11-19,0.20332572694597806,0,-0.16837142822460591,-0.26862697356456999,-0.063001598210824086,0.29667427305402194
2024-11-20,0.063723819479145502,0.15559406172777249,-0.27638420562623445,-0.16231581090113231,-0.061299983472633185,0.28068211879308202
2024-11-21,0.065069345069221227,0.15821099838567915,-0.27125886870266036,-0.16584731328234531,-0.062893818014994371,0.27671965654509961
2024-11-22,0,0.20000000000000001,-0.29999999999999999,-0.20000000000000001,0,0.29999999999999999
2024-11-25,0,0.20000000000000001,-0.20000000000000001,-0.29999999999999999,0,0.29999999999999999
2024-11-26,0,0.20000000000000001,-0.20000000000000001,-0.29999999999999999,0,0.29999999999999999
2024-11-27,0.18179963643813921,0.046668057928461355,-0.20000000000000001,-0.29999999999999999,0,0.27153230563339942
2024-11-28,0,0.0578069046100246,-0.20000000000000001,-0.29999999999999999,0.14632927206936375,0.29586382332061162
2024-11-29,0,0.058165667556346716,-0.20000000000000001,-0.29999999999999999,0.15252956017888875,0.28930477226476448
2024-12-02,0,-0.29999999999999999,-0.048171352396972088,-0.15182864760302792,0.29999999999999999,0.20000000000000001
2024-12-03,0.19370842527701843,-0.19329124343728477,-0.25270493034663249,-0.054003826216082802,0.25442845122651697,0.051863123496464568
2024-12-04,0.20079749281377215,-0.29999999999999999,-0.20000000000000001,0,0.29920250718622782,0
2024-12-05,0.29999999999999999,-0.29999999999999999,0,-0.20000000000000001,0.20000000000000001,0
2024-12-06,0.29999999999999999,-0.29999999999999999,0,-0.20000000000000001,0.20000000000000001,0
2024-12-09,0.29999999999999999,-0.29667510263444591,0,-0.20332489736555412,0.20000000000000001,0
2024-12-10,0.20991059442506374,-0.29999999999999999,0,-0.20000000000000001,0.29008940557493629,0
2024-12-11,0.21122120834205269,-0.28380819278886615,0,-0.06746345074218045,0.28877879165794729,-0.14872835646895338
2024-12-12,0.29999999999999999,-0.29010012543627017,-0.15884922719694719,0,0.20000000000000001,-0.051050647366782574
2024-12-13,0.29999999999999999,-0.2838836489259694,-0.16630802065395472,0,0.20000000000000001,-0.049808330420075791
2024-12-16,0.29999999999999999,-0.27015595921831526,-0.16826940516912597,0,0.20000000000000001,-0.061574635612558708
2024-12-17,0.20000000000000001,-0.20000000000000001,-0.29999999999999999,0,0.29999999999999999,0
2024-12-18,0,-0.20000000000000001,-0.29999999999999999,0,0.29999999999999999,0.20000000000000001
2024-12-19,-0.21150751305598356,0,-0.28849248694401647,0.29999999999999999,0.20000000000000001,0
2024-12-20,0.21102188335389488,0.22617977892902177,-0.29999999999999999,0.062798337717083375,0,-0.20000000000000001
2024-12-23,0,0.20000000000000001,-0.29999999999999999,0.29999999999999999,-0.20000000000000001,0
2024-12-24,0,0.20000000000000001,-0.053833355130224678,0.29999999999999999,-0.27185398786779541,-0.17431265700197993
2024-12-25,0,0.23705118485970511,-0.20000000000000001,0.060092779527831035,-0.29999999999999999,0.2028560356124639
2024-12-26,-0.21745607609344711,0.24942079925592739,0.19364771585408352,0.05693148488998917,-0.28254392390655292,0
2024-12-27,0.22562895265627689,0.22004634764284137,-0.20000000000000001,0.054324699700881836,-0.29999999999999999,0
2024-12-30,0.2118997846133463,0.23146666555841094,-0.20000000000000001,0.056633549828242785,-0.29999999999999999,0
2024-12-31,0.29999999999999999,0.20000000000000001,-0.20000000000000001,0,-0.29999999999999999,0
2025-01-01,0.25662817154654893,0.24337182845345112,-0.20000000000000001,0,-0.29999999999999999,0
2025-01-02,0.29999999999999999,0.20000000000000001,-0.20000000000000001,0,-0.29999999999999999,0
2025-01-03,0.29999999999999999,0,-0.20000000000000001,0.20000000000000001,-0.29999999999999999,0
2025-01-06,0.29999999999999999,0,-0.20000000000000001,0.20000000000000001,-0.29999999999999999,0
2025-01-07,0.29999999999999999,0,-0.20000000000000001,0.20000000000000001,-0.29999999999999999,0
2025-01-08,0.29999999999999999,0.14550529935686074,-0.20000000000000001,0.054494700643139264,-0.29999999999999999,0
2025-01-09,0.29999999999999999,0.13959668804829659,-0.20000000000000001,0.060403311951703453,-0.29999999999999999,0
2025-01-10,0.29999999999999999,0.20000000000000001,-0.2713491438219372,-0.17404116139647047,-0.054609694781592333,0
2025-01-13,0.29999999999999999,0.047534112493499481,-0.2704741129198448,-0.1714043891400682,-0.058121497940087065,0.15246588750650053
2025-01-14,0.29999999999999999,0.042936867150772481,-0.29999999999999999,-0.20000000000000001,0.15706313284922754,0
2025-01-15,0.29999999999999999,-0.20000000000000001,0,-0.29999999999999999,0.20000000000000001,0
2025-01-16,0.29999999999999999,-0.047136358164827641,-0.16829053213502385,-0.28457310970014854,0.20000000000000001,0
2025-01-17,0.29999999999999999,-0.046272470474646922,-0.26728083768380667,-0.18644669184154639,0.20000000000000001,0
2025-01-20,0.29999999999999999,0,-0.28304652335965924,-0.2169534766403407,0.20000000000000001,0
2025-01-21,0.29999999999999999,0,-0.27722093975957346,-0.071186260034445004,0.20000000000000001,-0.15159280020598154
2025-01-22,0.20000000000000001,-0.2504880910920021,-0.17073731950553439,-0.078774589402463499,0.29999999999999999,0
2025-01-23,0.20000000000000001,-0.2409153413639524,-0.1694761616325042,-0.089608497003543411,0.29999999999999999,0
2025-01-24,0.29999999999999999,-0.25369310611801599,0,-0.089917947620280284,0.20000000000000001,-0.15638894626170377
2025-01-27,0.29999999999999999,-0.25441887497462173,0,-0.089240616157594418,0.20000000000000001,-0.15634050886778386
2025-01-28,0.29999999999999999,-0.21471827371588889,0,-0.23616608581085308,0.20000000000000001,-0.049115640473258046
2025-01-29,0.28276396978699031,-0.2500625950549748,0.15509143719132276,-0.088713149158965221,0.062144593021686942,-0.16122425578606003
2025-01-30,0.052387193906461751,-0.2224963736438203,0.24318399136749094,-0.22923524397726364,0.20442881472604732,-0.048268382378916078
2025-01-31,-0.18848495459403136,-0.2563354703207551,0.26628763772827335,0,0.23371236227172665,-0.055179575085213504
2025-02-03,-0.21239926728940045,-0.28760073271059949,0.20000000000000001,0,0.29999999999999999,0
2025-02-04,-0.059158873209415819,-0.23718071417822165,0.20000000000000001,-0.20366041261236262,0.29999999999999999,0
2025-02-05,0,-0.28481212944851719,0.20000000000000001,-0.21518787055148278,0.29999999999999999,0
2025-02-06,-0.29999999999999999,-0.20000000000000001,0.24974425677793916,0.16477574885395604,0.0854799943681048,0
2025-02-07,-0.29999999999999999,0,0,-0.20000000000000001,0.21600936192496226,0.28399063807503777
2025-02-10,-0.20000000000000001,0.29999999999999999,0,0.20000000000000001,-0.29999999999999999,0
2025-02-11,-0.20000000000000001,0,0.20000000000000001,0.29999999999999999,0,-0.29999999999999999
2025-02-12,0.20349211197554745,0,-0.20000000000000001,0.29650788802445255,0,-0.29999999999999999
2025-02-13,0.20000000000000001,0,-0.20000000000000001,0.29999999999999999,0,-0.29999999999999999
2025-02-14,0.20328101384956429,0,-0.29999999999999999,0.29671898615043568,0,-0.20000000000000001
2025-02-17,0.20709679430293093,0,0,0.29290320569706907,-0.29999999999999999,-0.20000000000000001
2025-02-18,0.21138084786062514,-0.18194597643506588,0,0.28861915213937483,-0.075072245399657275,-0.24298177816527683
2025-02-19,0.21296464285716765,0,0,0.28703535714283229,-0.24678557061222114,-0.25321442938777883
2025-02-20,0.20832748227279488,-0.18594747783513227,0,0.29167251772720509,-0.073287038783022659,-0.24076548338184509
2025-02-21,0.21881666349438647,-0.065927405011387386,0,0.28118333650561356,-0.20744020969090601,-0.2266323852977066
2025-02-24,0.059412631419558562,-0.065219706043192091,-0.18543741426512178,0.22687359667701387,0.21371377190342761,-0.24934287969168614
2025-02-25,0.05809931407510105,-0.065220047033147363,-0.19030400134842676,0.22912586181283517,0.21277482411206378,-0.24447595161842592
2025-02-26,-0.14672673062310362,-0.054264470595925145,-0.29900879878097131,0.23990808420367563,0.26009191579632446,0
2025-02-27,-0.24384295065934622,-0.056293381842221726,-0.19986366749843201,0.24009459116260878,0.25990540883739122,0
2025-02-28,-0.27608443932732596,0.20932256459094237,-0.22391556067267404,0.21576065951570869,0.074916775893348955,0
2025-03-03,-0.2628034281513752,0,-0.2371965718486248,0.20000000000000001,0.29999999999999999,0
2025-03-04,-0.29383281679997919,0,-0.079759458806906422,0.20000000000000001,0.29999999999999999,-0.1264077243931144
2025-03-05,-0.29999999999999999,-0.20000000000000001,0,0,0.29999999999999999,0.20000000000000001
2025-03-06,-0.29626484598815678,-0.20373515401184319,0.21268502335740982,0,0.067714487067632986,0.21960048957495723
2025-03-07,-0.29999999999999999,0,0,-0.20000000000000001,0.2373782559337124,0.26262174406628758
2025-03-10,-0.29999999999999999,0.28334459310560561,0,-0.20000000000000001,0.17844938847525155,0.038206018419142854
2025-03-11,-0.29999999999999999,0.20294410491376361,0,-0.20000000000000001,0.065052575262093945,0.23200331982414246
2025-03-12,-0.29999999999999999,0.29972830520865096,0.20027169479134904,0,-0.20000000000000001,0
2025-03-13,-0.21704630387558341,0.27080467928251317,0.063306412860213893,0.16588890785727289,-0.060185707195670554,-0.22276798892874608
2025-03-14,-0.23746926280445527,0.29999999999999999,0,0.20000000000000001,0,-0.26253073719554471
2025-03-17,-0.29999999999999999,0.29999999999999999,0,0.20000000000000001,0,-0.20000000000000001
2025-03-18,-0.17239134072635778,0.29999999999999999,-0.28657200575572533,0.20000000000000001,0,-0.041036653517916917
2025-03-19,0,0.29999999999999999,-0.29999999999999999,0,0.20000000000000001,-0.20000000000000001
2025-03-20,0,0.20000000000000001,-0.29999999999999999,0,0.29999999999999999,-0.20000000000000001
2025-03-21,0,0.20000000000000001,-0.21678702332382768,0,0.29999999999999999,-0.28321297667617235
2025-03-24,0,0.20000000000000001,-0.29999999999999999,0,0.29999999999999999,-0.20000000000000001
2025-03-25,0,0.20000000000000001,-0.21861130315706484,0,0.29999999999999999,-0.28138869684293516
2025-03-26,0,0.20000000000000001,-0.28512225687822401,-0.21487774312177599,0.29999999999999999,0
2025-03-27,0.21231614953868327,0,-0.20000000000000001,-0.29999999999999999,0.28768385046131678,0
2025-03-28,0.20000000000000001,-0.23230822152774852,-0.055172984467622158,-0.21251879400462936,0.29999999999999999,0
2025-03-31,0.20175934865308032,-0.27291862047632437,0,-0.0707935332029304,0.29824065134691974,-0.15628784632074519
2025-04-01,0.20602798561477073,-0.28847715152284381,0,-0.21152284847715616,0.2939720143852293,0
2025-04-02,0.051858068726805796,-0.054722397118663682,-0.29999999999999999,0.19167477517191253,0.25646715610128168,-0.14527760288133632
2025-04-03,0.15544570524819154,-0.053407040086625779,-0.29999999999999999,0.065612533326623479,0.27894176142518501,-0.14659295991337423
2025-04-04,-0.2606290852614358,0,-0.071681897820447829,0.21635795113064102,0.28364204886935895,-0.16768901691811638
2025-04-07,-0.14692736364893574,0,-0.06732332208169868,0.2200581168770348,0.2799418831229652,-0.28574931426936562
2025-04-08,0,0,-0.29999999999999999,0.20578288843129405,0.29421711156870589,-0.20000000000000001
2025-04-09,-0.14247746477924236,0.16224253990043697,-0.29999999999999999,0.061079755581112831,0.2766777045184502,-0.057522535220757613
2025-04-10,-0.26199893889935422,0.20000000000000001,-0.23800106110064578,0,0.29999999999999999,0
2025-04-11,-0.23507015712265264,0.29999999999999999,-0.066083519302551505,-0.19884632357479584,0.20000000000000001,0
2025-04-14,-0.13534739818942421,0.29999999999999999,-0.064652601810575805,-0.29999999999999999,0.20000000000000001,0
2025-04-15,-0.26476034341130622,0.29341322159792138,0.20658677840207854,-0.23523965658869378,0,0
2025-04-16,-0.20000000000000001,0.20000000000000001,0.29999999999999999,-0.29999999999999999,0,0
2025-04-17,-0.25564487259902419,0.16268597723907499,0.053149342106796282,-0.055448336052161984,-0.18890679134881383,0.2841646806541287
2025-04-18,-0.27941397729995143,0.29999999999999999,0.20000000000000001,0,-0.2205860227000486,0
2025-04-21,-0.2451840113042896,0.29116949855105806,0.061580111825168156,0.14725038962377379,-0.066584850711716922,-0.18823113798399346
2025-04-22,-0.23579457411402607,0.17966246321431964,0.063065108040021203,0.25727242874565914,-0.20493132215851656,-0.059274103727457339
2025-04-23,-0.23999706114273001,0.17833774521483628,0.063508370808251446,0.2581538839769123,-0.20086032044870317,-0.059142618408566862
2025-04-24,-0.24495589156350453,0.18129377102257832,0.066083608822861031,0.25262262015456066,-0.19690300501001085,-0.058141103426484694
2025-04-25,-0.28603312694920685,0.22043899748419479,0,0.27956100251580518,-0.21396687305079318,0
2025-04-28,-0.28465148469973073,0.2090299174951725,0,0.29097008250482753,-0.21534851530026927,0
2025-04-29,-0.28366674677940135,0.20387029104859242,0,0.29612970895140761,-0.21633325322059865,0
2025-04-30,-0.26330497832319072,0.20000000000000001,-0.23669502167680931,0.29999999999999999,0,0
2025-05-01,-0.26030824096293237,0.29999999999999999,-0.073434328514797545,0.20000000000000001,0,-0.16625743052227004
2025-05-02,-0.26743213104559616,0.29999999999999999,-0.23256786895440382,0.20000000000000001,0,0
2025-05-05,-0.27409153619168186,0.29999999999999999,-0.22590846380831817,0.20000000000000001,0,0
2025-05-06,-0.25431008651930709,0.29999999999999999,-0.071009083215136978,0.20000000000000001,-0.17468083026555592,0
2025-05-07,-0.27536299542606768,0.26622157811983194,0.18623091564243488,0.047547506237733274,-0.063874765662798538,-0.16076223891113373
2025-05-08,-0.29999999999999999,0.27184286173689037,0.057556514356977936,0,0.17060062390613165,-0.20000000000000001
2025-05-09,-0.29999999999999999,0.054389094941405744,0.27715910317374748,0,0.16845180188484685,-0.20000000000000001
2025-05-12,-0.29999999999999999,0,0.20000000000000001,0,0.29999999999999999,-0.20000000000000001
2025-05-13,-0.29999999999999999,0,0.20000000000000001,0,0.29999999999999999,-0.20000000000000001
2025-05-14,-0.17674200043472271,0,0.20000000000000001,-0.26665830277230201,0.29999999999999999,-0.056599696792975315
2025-05-15,-0.055456678503557677,0,0.20000000000000001,-0.28976975647771952,0.29999999999999999,-0.15477356501872283
2025-05-16,-0.053114257695721853,0,0.20000000000000001,-0.28789960965476946,0.29999999999999999,-0.15898613264950873
2025-05-19,0.14670686480553305,0.29224887954976175,0.061044255644705149,-0.28712214990035556,-0.16072663363933207,-0.052151216460312337
2025-05-20,0.23082829423460841,0.20339610071033903,0.065775605055052561,-0.28737542804106564,-0.053844128184223482,-0.1587804437747109
2025-05-21,0.25835562090900721,0.24164437909099279,0,-0.29999999999999999,0,-0.20000000000000001
2025-05-22,0.25452714844033009,0.24547285155966994,0,-0.29999999999999999,0,-0.20000000000000001
2025-05-23,0.2593757240477631,0.2406242759522369,-0.1496769335931456,-0.29796235353227485,0,-0.052360712874579558
2025-05-26,0.23126988761916731,0.26873011238083266,-0.20000000000000001,-0.29999999999999999,0,0
2025-05-27,0.20000000000000001,0.29999999999999999,-0.20000000000000001,-0.29999999999999999,0,0
2025-05-28,0.20000000000000001,0.29999999999999999,-0.26948070809202518,-0.23051929190797485,0,0
2025-05-29,0.20000000000000001,0.29999999999999999,-0.20000000000000001,-0.29999999999999999,0,0
2025-05-30,0.29317983570519773,0.20682016429480229,-0.20000000000000001,-0.29999999999999999,0,0
2025-06-02,0.29999999999999999,0.20000000000000001,-0.20000000000000001,-0.29999999999999999,0,0
2025-06-03,0.20000000000000001,0.29999999999999999,-0.20000000000000001,-0.29999999999999999,0,0
2025-06-04,0,0.29999999999999999,-0.28083318465294821,-0.21916681534705182,0.20000000000000001,0
2025-06-05,0,0.060288761604108058,-0.20000000000000001,-0.29999999999999999,0.27209072778671017,0.16762051060918176
2025-06-06,0.16033885015145299,-0.17477236902685042,-0.26123627310282843,-0.063991357870321189,0.057722056243090708,0.28193909360545627
2025-06-09,-0.16583304672811719,-0.061603357186100334,-0.27256359608578246,0,0.29999999999999999,0.20000000000000001
2025-06-10,-0.20000000000000001,0,-0.29999999999999999,0,0.29999999999999999,0.20000000000000001
2025-06-11,-0.060285635025076889,-0.26820487045987063,-0.17150949451505254,0.1924992618835844,0.05718371506217973,0.25031702305423587
2025-06-12,-0.061037274482311922,-0.27076324892073755,-0.1681994765969505,0.064593595220354599,0.17113926223761677,0.2642671425420286
2025-06-13,-0.061429497504777136,-0.27431692292878168,-0.16425357956644115,0.18948147921182698,0.054864741304889081,0.25565377948328394
2025-06-16,0,-0.29999999999999999,-0.20000000000000001,0,0.21855854979289194,0.28144145020710809
2025-06-17,0.17274843045963262,-0.29999999999999999,-0.20000000000000001,0,0.066535442954658131,0.26071612658570931
2025-06-18,0,-0.27837360972792013,0,-0.22162639027207987,0.22340164809589683,0.27659835190410315
2025-06-19,0,-0.2735284674085961,-0.15637161918978401,-0.070099913401619876,0.29999999999999999,0.20000000000000001
2025-06-20,0,-0.27716653048090267,0.14623861016367171,-0.22283346951909733,0.29999999999999999,0.053761389836328312
2025-06-23,0,-0.26553034292310257,0.14952030607066946,-0.23446965707689749,0.29686975718649089,0.053609936742839606
2025-06-24,0,-0.27080183972715316,0.14653070329340653,-0.22919816027284681,0.29999999999999999,0.053469296706593464
2025-06-25,0,-0.049727123631731922,0.28867459469150231,-0.29999999999999999,0.21132540530849769,-0.15027287636826811
2025-06-26,-0.16498535847083881,-0.05733250183486082,0.20000000000000001,0,0.29999999999999999,-0.27768213969430039
2025-06-27,-0.20000000000000001,0.20000000000000001,0,0,0.29999999999999999,-0.29999999999999999
2025-06-30,-0.20000000000000001,0.045851162314135475,0,0.17665099952799276,0.27749783815787171,-0.29999999999999999
2025-07-01,-0.20000000000000001,0.045500247467423559,0,0.17189633240151456,0.28260342013106188,-0.29999999999999999
2025-07-02,-0.20000000000000001,0.047643379355662097,0,0.2837765209803994,0.16858009966393847,-0.29999999999999999
2025-07-03,-0.059373296734322352,0.14859416132230036,-0.18349523335687803,0.29253566237781575,0.058870176299883933,-0.25713146990879965
2025-07-04,-0.17333227167463119,0.15320994677590441,-0.067052031443963558,0.28935068510893402,0.057439368115161524,-0.25961569688140523
2025-07-07,-0.058746752730413125,-0.16113987684317119,0,0.29999999999999999,0.20000000000000001,-0.28011337042641565
2025-07-08,-0.058890949620431891,-0.16753940890814359,0,0.29999999999999999,0.20000000000000001,-0.27356964147142449
2025-07-09,-0.27349694984688289,-0.1765233746518442,0,0.20158028172779788,0.29841971827220209,-0.049979675501272927
2025-07-10,-0.27048854392133198,-0.18091984094602276,0.17965414410310288,0.059433116274922766,0.26091273962197431,-0.048591615132645198
2025-07-11,-0.29999999999999999,-0.20000000000000001,0.29999999999999999,0,0.20000000000000001,0
2025-07-14,-0.29999999999999999,0.20000000000000001,0.29999999999999999,-0.20000000000000001,0,0
2025-07-15,-0.29999999999999999,0.20000000000000001,0.29999999999999999,-0.20000000000000001,0,0
2025-07-16,-0.29999999999999999,0.055409086176401105,0.29373529558187789,-0.20000000000000001,0.150855618241721,0
2025-07-17,-0.28670629968365341,0.053319056415825447,0.28357510168269873,-0.058016051143946659,0.16310584190147581,-0.15527764917239989
2025-07-18,-0.28169550593072035,0.05462701807405624,0.2849660685702205,-0.06107218020120582,0.16040691335572324,-0.15723231386807388
2025-07-21,-0.27694160411058649,0.053373788921374878,0.2894428728537754,-0.05831116057754826,0.15718333822484973,-0.16474723531186519
2025-07-22,-0.27369905603774169,0.055200785216075993,0.29995446976875845,-0.05809829406557409,0.14484474501516556,-0.16820264989668424
2025-07-23,-0.29999999999999999,0,0.29999999999999999,0,0.20000000000000001,-0.20000000000000001
2025-07-24,-0.29999999999999999,0,0.29999999999999999,0,0.20000000000000001,-0.20000000000000001
2025-07-25,-0.29999999999999999,0,0.29999999999999999,0,0.20000000000000001,-0.20000000000000001
2025-07-28,-0.29193739347834624,-0.15979702671569751,0.17204930950070355,0.28593552959863777,0.042015160900658627,-0.048265579805956256
2025-07-29,-0.29999999999999999,-0.1499656439376382,0.29244459146395652,0.16820886933442228,0.039346539201621233,-0.050034356062361812
2025-07-30,-0.29999999999999999,-0.20000000000000001,0.20000000000000001,0.29999999999999999,0,0
2025-07-31,-0.29999999999999999,-0.057822915829642246,0.29999999999999999,0.20000000000000001,-0.14217708417035776,0
2025-08-01,-0.29999999999999999,0.13250518677245696,0.29999999999999999,0.067494813227543068,-0.042464839409122032,-0.15753516059087797
2025-08-04,-0.29999999999999999,0.040191842295941214,0.18135433703799131,0.2784538206660675,-0.041133167358638638,-0.15886683264136137
2025-08-05,-0.20760280038465306,0.23244982480400497,0.20607172587382963,0.061478449322165417,-0.23321802881526657,-0.059179170800080304
2025-08-06,-0.22925436152742976,0.04144229729427832,0,0.16511069087214464,-0.27074563847257022,0.29344701183357708
2025-08-07,-0.22827553791799887,0.27038360256752714,0,0.22961639743247286,-0.27172446208200118,0
2025-08-08,-0.22971479309512083,0.23784826581016386,0.20119986675305504,0.060951867436781097,-0.27028520690487912,0
2025-08-11,0,0.27748759407132145,0.22251240592867852,0,-0.20000000000000001,-0.29999999999999999
