episode_id,split,role,episode_number,asset,side,entry_timestamp,last_earning_timestamp,exit_timestamp,entry_action,exit_action,left_censored,right_censored,complete,decision_bars,entry_weight,last_executed_weight,peak_abs_weight,average_abs_weight,gross_contribution,entry_cost,holding_cost,exit_cost,total_cost,net_contribution,maximum_favorable_excursion,maximum_adverse_excursion,intent_mismatch_bars,no_trade_bars,risk_override_bars
train:ALPHA:0001,train,training,1,ALPHA,long,2024-02-02,2024-02-08,2024-02-09,open_long,close_long,False,False,True,5,0.28634486931219078,0.17204051257698905,0.28783350708545985,0.24611961996328593,-0.00021182904517748043,0.00028634486931219076,0.00027411233446180398,0.00017055003474667383,0.00073100723852066859,-0.00094283628369814902,0.0039619511561394521,-0.00094283628369814902,0,0,0
train:ALPHA:0002,train,training,2,ALPHA,long,2024-02-13,2024-02-19,2024-02-20,open_long,reverse_long_to_short,False,False,True,5,0.16133952416410524,0.058755593560945459,0.20000000000000001,0.13527853377219054,0.0024670660907667318,0.00016133952416410525,0.0001775935493042521,5.8469479074769986e-05,0.00039740255254312734,0.0020696635382236044,0.003112867873045514,0,0,0,0
train:ALPHA:0003,train,training,3,ALPHA,short,2024-02-20,2024-02-22,2024-02-23,reverse_long_to_short,close_short,False,False,True,3,-0.20000000000000001,-0.20000000000000001,0.20000000000000001,0.20000000000000004,-0.0011165057999911632,0.00020000000000000004,7.2580042861425386e-07,0.00020280181207861246,0.00040352761250722678,-0.0015200334124983901,0.00026936323402346738,-0.0015200334124983901,0,0,0
train:ALPHA:0004,train,training,4,ALPHA,long,2024-02-27,2024-02-27,2024-02-28,open_long,close_long,False,False,True,1,0.21786885570916711,0.21786885570916711,0.21786885570916711,0.21786885570916711,0.00051148368683377201,0.00021786885570916712,0,0.00021840906818494389,0.00043627792389411101,7.5205762939661001e-05,0.00029361483112460489,0,0,0,0
train:ALPHA:0005,train,training,5,ALPHA,long,2024-03-01,2024-03-08,2024-03-11,open_long,close_long,False,False,True,6,0.15958188131807305,0.051499712596000627,0.20000000000000001,0.1604694265205143,-0.0039986443021144263,0.00015958188131807305,0.00019755390549164388,5.0973457450841063e-05,0.00040810924426055799,-0.0044067535463749846,0.0037759831425072856,-0.0044067535463749837,0,0,0
train:ALPHA:0006,train,training,6,ALPHA,short,2024-03-12,2024-04-16,2024-04-17,open_short,close_short,False,False,True,26,-0.29999999999999999,-0.20000000000000001,0.29999999999999999,0.2372795930414682,0.0077491863484573037,0.00029999999999999997,0.00093058365436854396,0.0001955793737453243,0.0014261630281138683,0.0063230233203434355,0.01769119773522608,-0.0072645962639142463,0,0,0
train:ALPHA:0007,train,training,7,ALPHA,long,2024-04-25,2024-04-29,2024-04-30,open_long,close_long,False,False,True,3,0.28401863949431017,0.2954996947053356,0.2954996947053356,0.28262939453051222,-0.0048476457606715746,0.00028401863949431013,4.2773094107073471e-05,0.0002933612921915552,0.00062015302579293877,-0.0054677987864645136,0,-0.0054677987864645136,0,0,0
train:ALPHA:0008,train,training,8,ALPHA,short,2024-05-01,2024-05-24,2024-05-27,open_short,reverse_short_to_long,False,False,True,18,-0.17034589446572274,-0.043198343837541633,0.29999999999999999,0.23591256275934366,0.0096427349108603386,0.00017034589446572276,0.0004944742350748493,4.4241459805469577e-05,0.00070906158934604167,0.0089336733215142974,0.017695740402370784,0,0,0,0
train:ALPHA:0009,train,training,9,ALPHA,long,2024-05-27,2024-06-10,2024-06-11,reverse_short_to_long,reverse_long_to_short,False,False,True,11,0.20000000000000001,0.037641479118320761,0.27659675444362508,0.18313477901338515,-0.0035076794084219409,0.00020000000000000004,0.00032498113603367495,3.7283712815673487e-05,0.00056226484884934849,-0.0040699442572712892,0.0086941054497107154,-0.0065440260046923078,0,0,0
train:ALPHA:0010,train,training,10,ALPHA,short,2024-06-11,2024-06-12,2024-06-13,reverse_long_to_short,reverse_short_to_long,False,False,True,2,-0.21217054214275227,-0.24278893927188491,0.24278893927188491,0.22747974070731858,-0.0068122046862720068,0.00021217054214275226,2.7913813936864152e-05,0.0002497886368195561,0.00048987299289917252,-0.0073020776791711791,0,-0.0073020776791711791,0,0,0
train:ALPHA:0011,train,training,11,ALPHA,long,2024-06-13,2024-06-26,2024-06-27,reverse_short_to_long,close_long,False,False,True,10,0.15129600295611012,0.049102734763743362,0.20000000000000001,0.097314467565386129,-0.0047111688862087019,0.00015129600295611011,0.000416312995182744,4.8852569996891706e-05,0.00061646156813574592,-0.0053276304543444473,0.001212000835800065,-0.005594471170909476,0,0,0
train:ALPHA:0012,train,training,12,ALPHA,long,2024-07-02,2024-08-13,2024-08-14,open_long,close_long,False,False,True,31,0.16463340920921174,0.057075438498760671,0.29999999999999999,0.23947485670464874,0.012760752757389268,0.00016463340920921176,0.0013126582188944991,5.6673298011723383e-05,0.0015339649261154342,0.011226787831273833,0.017763336611654197,-0.00037574363021909219,0,0,0
train:ALPHA:0013,train,training,13,ALPHA,short,2024-08-19,2024-08-28,2024-08-29,open_short,close_short,False,False,True,8,-0.19644295586191102,-0.059199930868353408,0.19644295586191102,0.078321805538047656,-0.0023940828741415496,0.00019644295586191101,0.0001364083687400887,5.9933424776049604e-05,0.00039278474937804928,-0.002786867623519599,0,-0.002786867623519599,0,0,0
train:ALPHA:0014,train,training,14,ALPHA,long,2024-08-30,2024-09-11,2024-09-12,open_long,close_long,False,False,True,9,0.16367350105872303,0.050514183010478386,0.29999999999999999,0.22282602243241126,-0.0078710463391964448,0.00016367350105872303,0.00038542278327327476,5.0563411167357299e-05,0.00059965969549935516,-0.0084707060346957998,0.0076445957656502452,-0.0084707060346957998,0,0,0
train:ALPHA:0015,train,training,15,ALPHA,short,2024-09-16,2024-10-16,2024-10-17,open_short,reverse_short_to_long,False,False,True,23,-0.27684994752690217,-0.20000000000000001,0.29999999999999999,0.24205088494765412,0.011989953561354877,0.00027684994752690217,0.00042541646548849505,0.00020233734148700385,0.00090460375450240112,0.011085349806852475,0.021208710959025337,-0.0012840711086781224,0,0,0
train:ALPHA:0016,train,training,16,ALPHA,long,2024-10-17,2024-10-23,2024-10-24,reverse_short_to_long,close_long,False,False,True,5,0.20300812415397254,0.058758361637059657,0.29999999999999999,0.13738749588360155,-0.0070694710734663796,0.00020300812415397255,0.00060943712738710195,5.7894832085064606e-05,0.00087034008362613915,-0.0079398111570925193,0,-0.0079398111570925193,0,0,0
train:ALPHA:0017,train,training,17,ALPHA,long,2024-11-06,2024-11-21,2024-11-22,open_long,close_long,False,False,True,12,0.29999999999999999,0.061722081350334912,0.29999999999999999,0.2364175899597796,0.0078786114335639094,0.00029999999999999997,0.00025407096404493515,6.1659002765027994e-05,0.00061572996680996301,0.0072628814667539468,0.011319352781013165,0,0,0,0
train:ALPHA:0018,train,training,18,ALPHA,long,2024-11-27,2024-11-27,2024-11-28,open_long,close_long,False,False,True,1,0.18179963643813921,0.18179963643813921,0.18179963643813921,0.18179963643813921,-0.0021694091966735904,0.00018179963643813921,0,0.0001809437535630665,0.00036274339000120571,-0.0025321525866747962,0,-0.0025321525866747957,0,0,0
train:ALPHA:0019,train,training,19,ALPHA,long,2024-12-03,2024-12-17,,open_long,split_boundary_carry,False,True,False,11,0.19370842527701845,0.20000000000000001,0.29999999999999999,0.25465204087358678,0.0067387397464550363,0.00019370842527701847,0.00037726052858816773,0,0.0005709689538651862,0.00616777079258985,0.011144337456984654,0,0,0,0
train:BRAVO:0001,train,training,1,BRAVO,long,2024-01-30,2024-02-02,2024-02-05,open_long,close_long,False,False,True,4,0.29999999999999999,0.21365513068780917,0.29999999999999999,0.27841378267195227,0.0032798263864305399,0.00029999999999999997,8.5096220457685283e-05,0.00021330846245557972,0.00059840468291326497,0.0026814217035172751,0.0045218897628788368,0,0,0,0
train:BRAVO:0002,train,training,2,BRAVO,long,2024-02-06,2024-02-13,2024-02-14,open_long,close_long,False,False,True,6,0.17493267949601532,0.057589444385986288,0.20800559385823494,0.12992041128097861,-0.00063189470874798806,0.00017493267949601532,0.00039969929082526502,5.6923298436242844e-05,0.00063155526875752308,-0.0012634499775055113,0.0023751670532005213,-0.0012634499775055113,0,0,0
train:BRAVO:0003,train,training,3,BRAVO,short,2024-02-23,2024-03-12,2024-03-13,open_short,close_short,False,False,True,13,-0.20326719924037315,-0.20000000000000001,0.29999999999999999,0.24700771459020607,0.0045715605550216525,0.00020326719924037312,0.00063648064052607503,0.00020092351799433592,0.0010406713577607841,0.0035308891972608684,0.016311882779109221,-0.0011805925706960358,0,0,0
train:BRAVO:0004,train,training,4,BRAVO,long,2024-03-14,2024-03-28,2024-03-29,open_long,close_long,False,False,True,11,0.22743194799589181,0.051090170445030912,0.26358747094479124,0.15724208394585013,-0.002710414823540497,0.00022743194799589183,0.00028368426558288357,5.190469670851828e-05,0.00056302091028729369,-0.003273435733827791,0.0019187385103516844,-0.0053168148376989887,0,0,0
train:BRAVO:0005,train,training,5,BRAVO,long,2024-04-02,2024-05-06,2024-05-07,open_long,reverse_long_to_short,False,False,True,25,0.29999999999999999,0.052149369935472416,0.29999999999999999,0.23701646676100027,0.03343049854408317,0.00029999999999999997,0.00077891325687812663,5.1765661050407281e-05,0.0011306789179285337,0.032299819626154636,0.034799635872266671,0,0,0,0
train:BRAVO:0006,train,training,6,BRAVO,short,2024-05-07,2024-05-09,2024-05-10,reverse_long_to_short,close_short,False,False,True,3,-0.17949370191744979,-0.058138880602112683,0.17949370191744979,0.099171975966311152,-0.0010970789485968493,0.00017949370191744978,0.00012202671122157153,5.7852110274544441e-05,0.00035937252341356575,-0.001456451472010415,0,-0.0018021814811324663,0,0,0
train:BRAVO:0007,train,training,7,BRAVO,short,2024-05-14,2024-05-20,2024-05-21,open_short,close_short,False,False,True,5,-0.15099429701010081,-0.052422901944831631,0.15099429701010081,0.093456439425108617,-0.0033078158160941753,0.00015099429701010081,0.00010013651251730375,5.3172097172201219e-05,0.00030430290669960575,-0.0036121187227937811,0,-0.0036121187227937811,0,0,0
train:BRAVO:0008,train,training,8,BRAVO,long,2024-05-23,2024-06-19,2024-06-20,open_long,close_long,False,False,True,20,0.29999999999999999,0.060089720034234233,0.29999999999999999,0.27592729403144656,0.031360471595243453,0.00029999999999999997,0.00052110327073124783,5.8470427173426963e-05,0.00087957369790467484,0.03048089789733878,0.038850243935790882,-0.0029009840323523822,0,0,0
train:BRAVO:0009,train,training,9,BRAVO,short,2024-06-26,2024-07-05,2024-07-08,open_short,reverse_short_to_long,False,False,True,8,-0.158273596391897,-0.050094176883793917,0.29999999999999999,0.18217857686406916,0.00047185312593208133,0.000158273596391897,0.00041416184425346485,5.1221220277924546e-05,0.00062365666092328636,-0.00015180353499120503,0.0091216634806760705,-0.0001518035349912046,0,0,0
train:BRAVO:0010,train,training,10,BRAVO,long,2024-07-08,2024-08-02,2024-08-05,reverse_short_to_long,close_long,False,False,True,20,0.20000000000000001,0.048427581475981092,0.28358645759483359,0.12944014483211536,-0.0051705713653419395,0.00019999999999999998,0.0019103095913581586,4.7689264398095787e-05,0.0021579988557562544,-0.007328570221098194,0.0023496552360841878,-0.0073285702210981948,0,0,0
train:BRAVO:0011,train,training,11,BRAVO,short,2024-08-07,2024-10-10,2024-10-11,open_short,close_short,False,False,True,47,-0.17092736854786633,-0.045961428322702058,0.29999999999999999,0.2220906870995564,0.048108463022696092,0.00017092736854786632,0.0019287798735245065,4.5723339661638953e-05,0.0021454305817340115,0.04596303244096208,0.054250595749092696,0,0,0,0
train:BRAVO:0012,train,training,12,BRAVO,long,2024-10-14,2024-10-16,2024-10-17,open_long,close_long,False,False,True,3,0.16878779082816017,0.29999999999999999,0.29999999999999999,0.21120632253537552,-0.005068961743093502,0.00016878779082816017,0.00013937141059266675,0.00029549640071298321,0.00060365560213381008,-0.0056726173452273116,0,-0.0056726173452273116,0,0,0
train:BRAVO:0013,train,training,13,BRAVO,long,2024-10-18,2024-11-05,2024-11-06,open_long,close_long,False,False,True,13,0.2611453845137392,0.20000000000000001,0.2611453845137392,0.12682481117450958,-0.0011524230025540816,0.00026114538451373922,0.00058876488416318188,0.00020027693393963176,0.0010501872026165528,-0.0022026102051706346,0.003604334118537431,-0.0022026102051706333,0,0,0
train:BRAVO:0014,train,training,14,BRAVO,long,2024-11-08,2024-11-08,2024-11-11,open_long,reverse_long_to_short,False,False,True,1,0.20000000000000001,0.20000000000000001,0.20000000000000001,0.20000000000000001,-0.0035314115490629352,0.00020000000000000001,0,0.00019859860988328458,0.00039859860988328462,-0.0039300101589462202,0,-0.0039300101589462202,0,0,0
train:BRAVO:0015,train,training,15,BRAVO,short,2024-11-11,2024-11-11,2024-11-12,reverse_long_to_short,close_short,False,False,True,1,-0.15659545147953194,-0.15659545147953194,0.15659545147953194,0.15659545147953194,-0.0028981929738761949,0.00015659545147953197,0,0.00015872443216070033,0.00031531988364023227,-0.0032135128575164272,0,-0.0032135128575164272,0,0,0
train:BRAVO:0016,train,training,16,BRAVO,long,2024-11-20,2024-11-29,2024-12-02,open_long,reverse_long_to_short,False,False,True,8,0.15559406172777246,0.058123771296480164,0.20000000000000001,0.13368607281592271,-0.0035277717253766354,0.00015559406172777247,0.00021561212246587054,5.7883184430550111e-05,0.00042908936862419308,-0.0039568610940008287,0,-0.003956861094000827,0,0,0
train:BRAVO:0017,train,training,17,BRAVO,short,2024-12-02,2024-12-17,,reverse_long_to_short,split_boundary_carry,False,True,False,12,-0.29999999999999999,-0.20000000000000001,0.29999999999999999,0.27808243807362737,0.0034490208191528125,0.00030000000000000003,0.00032984866221712509,0,0.00062984866221712512,0.0028191721569356875,0.012643753670137816,-0.00074680420067177987,0,0,0
train:CHARLIE:0001,train,training,1,CHARLIE,short,2024-01-30,2024-02-26,2024-02-27,open_short,close_short,False,False,True,20,-0.28620183231980351,-0.054160696419197497,0.29999999999999999,0.24933884809078838,0.0075287494969844201,0.0002862018323198035,0.00061397187113878355,5.422114502825285e-05,0.00095439484848683994,0.0065743546484975804,0.014095579148031376,0,0,0,0
train:CHARLIE:0002,train,training,2,CHARLIE,long,2024-02-28,2024-04-18,2024-04-19,open_long,close_long,False,False,True,37,0.29999999999999999,0.20000000000000001,0.29999999999999999,0.21637680315789715,0.022091793671437852,0.00029999999999999997,0.0017169168445721891,0.00019485258244810423,0.0022117694270202934,0.019880024244417559,0.028353495160799186,0,0,0,0
train:CHARLIE:0003,train,training,3,CHARLIE,short,2024-04-24,2024-05-06,2024-05-07,open_short,close_short,False,False,True,9,-0.24983229784985203,-0.16383154850838494,0.29999999999999999,0.2366806552561399,-0.0061100765511204348,0.00024983229784985206,0.00047131096840762879,0.00016687516900662632,0.00088801843526410717,-0.0069980949863845416,0,-0.0069980949863845416,0,0,0
train:CHARLIE:0004,train,training,4,CHARLIE,long,2024-05-10,2024-05-20,2024-05-21,open_long,close_long,False,False,True,7,0.20000000000000001,0.052360490626114739,0.28339387670182492,0.10439175697534234,6.2478333547747806e-05,0.00020000000000000001,0.00031837397119666296,5.2093469424033347e-05,0.00057046744062069625,-0.00050798910707294841,0.0034241598085152929,-0.0008824319112621541,0,0,0
train:CHARLIE:0005,train,training,5,CHARLIE,long,2024-05-24,2024-05-24,2024-05-27,open_long,close_long,False,False,True,1,0.1727529098338664,0.1727529098338664,0.1727529098338664,0.1727529098338664,-0.002406459067092919,0.0001727529098338664,0,0.00017140017488184389,0.00034415308471571029,-0.0027506121518086294,0,-0.002750612151808629,0,0,0
train:CHARLIE:0006,train,training,6,CHARLIE,short,2024-06-11,2024-06-14,2024-06-17,open_short,close_short,False,False,True,4,-0.22293510422946208,-0.060958680765536795,0.25721106072811512,0.15046372364171559,-0.004584279409394652,0.00022293510422946209,0.00023405088023111822,6.2297552649749684e-05,0.00051928353711033,-0.0051035629465049819,0,-0.0051035629465049828,0,0,0
train:CHARLIE:0007,train,training,7,CHARLIE,short,2024-06-18,2024-06-19,2024-06-20,open_short,reverse_short_to_long,False,False,True,2,-0.20000000000000001,-0.069463905725802105,0.20000000000000001,0.13473195286290107,-0.0039136434442249828,0.00020000000000000001,0.00013741260211131169,6.9969834528315478e-05,0.0004073824366396272,-0.0043210258808646096,0,-0.0043210258808646105,0,0,0
train:CHARLIE:0008,train,training,8,CHARLIE,long,2024-06-20,2024-07-05,2024-07-08,reverse_short_to_long,reverse_long_to_short,False,False,True,12,0.21439310220983399,0.072433081514077222,0.22448553628080645,0.16758348460238445,-0.0036685864149838695,0.000214393102209834,0.00017815703641749285,7.2232150878465777e-05,0.00046478228950579261,-0.004133368704489662,0.0046467167415776625,-0.004133368704489662,0,0,0
train:CHARLIE:0009,train,training,9,CHARLIE,short,2024-07-08,2024-09-18,2024-09-19,reverse_long_to_short,reverse_short_to_long,False,False,True,53,-0.2003014546296093,-0.045297232076084382,0.29999999999999999,0.24534379261176084,0.076177641055567513,0.00020030145462960925,0.0019461552437020229,4.5107220751349058e-05,0.0021915639190829813,0.073986077136484529,0.079526121724659768,0,0,0,0
train:CHARLIE:0010,train,training,10,CHARLIE,long,2024-09-19,2024-10-01,2024-10-02,reverse_short_to_long,close_long,False,False,True,9,0.1557060310495583,0.29999999999999999,0.29999999999999999,0.19754885612081358,-0.0010024655801975321,0.0001557060310495583,0.00016345435299072394,0.00029741415407821706,0.00061657453811849935,-0.0016190401183160314,0.0027377507468412466,-0.0016190401183160314,0,0,0
train:CHARLIE:0011,train,training,11,CHARLIE,short,2024-10-10,2024-10-15,2024-10-16,open_short,close_short,False,False,True,4,-0.1598089914717119,-0.057835848165022366,0.1598089914717119,0.082571444459437912,-0.0019884445915141868,0.00015980899147171191,0.00010660033719856585,5.8177029052138308e-05,0.00032458635772241606,-0.0023130309492366027,0,-0.0023130309492366027,0,0,0
train:CHARLIE:0012,train,training,12,CHARLIE,short,2024-10-17,2024-10-18,2024-10-21,open_short,close_short,False,False,True,2,-0.21299201888681352,-0.071064789578552792,0.21299201888681352,0.14202840423268315,-0.00049095299823429515,0.00021299201888681351,0.00014217766885339867,7.1365279780749273e-05,0.00042653496752096147,-0.00091748796575525661,0,-0.00091748796575525651,0,0,0
train:CHARLIE:0013,train,training,13,CHARLIE,long,2024-10-22,2024-11-04,2024-11-05,open_long,close_long,False,False,True,10,0.29999999999999999,0.18201184891415709,0.29999999999999999,0.18040201118803728,-0.0011347656658208072,0.00029999999999999997,0.00036542415383898749,0.00018029613651450856,0.00084572029035349613,-0.0019804859561743035,0.0017482661155876372,-0.0019804859561743031,0,0,0
train:CHARLIE:0014,train,training,14,CHARLIE,long,2024-11-07,2024-11-07,2024-11-08,open_long,reverse_long_to_short,False,False,True,1,0.20000000000000001,0.20000000000000001,0.20000000000000001,0.20000000000000001,-0.0047242125612091184,0.00020000000000000001,0,0.00019574173845736563,0.00039574173845736564,-0.0051199542996664838,0,-0.0051199542996664838,0,0,0
train:CHARLIE:0015,train,training,15,CHARLIE,short,2024-11-08,2024-12-04,2024-12-05,reverse_long_to_short,close_short,False,False,True,19,-0.16578302322760227,-0.20000000000000001,0.29999999999999999,0.22836180543253659,0.012929855609513275,0.00016578302322760229,0.0011362933128676769,0.00019963253103993632,0.0015017088671352154,0.01142814674237806,0.016469485614512006,0,0,0,0
train:CHARLIE:0016,train,training,16,CHARLIE,short,2024-12-12,2024-12-17,,open_short,split_boundary_carry,False,True,False,4,-0.15884922719694716,-0.29999999999999999,0.29999999999999999,0.19393653896451901,0.0025195421837414279,0.00015884922719694715,0.00014704336978760637,0,0.00030589259698455353,0.0022136495867568742,0.0022136495867568738,-0.0027042382719531643,0,0,0
train:DELTA:0001,train,training,1,DELTA,short,2024-02-13,2024-02-19,2024-02-20,open_short,close_short,False,False,True,5,-0.14371902536384082,-0.2026241283484555,0.2026241283484555,0.18847090487626134,-0.0019066523085321647,0.00014371902536384083,6.3450224682410708e-05,0.00020285788673267652,0.00041002713677892806,-0.0023166794453110926,0.0029024566115503454,-0.0023166794453110921,0,0,0
train:DELTA:0002,train,training,2,DELTA,long,2024-02-21,2024-02-26,2024-02-27,open_long,close_long,False,False,True,4,0.12982573319146248,0.20000000000000001,0.28110830545605359,0.20273350966187903,-0.0042872610633649284,0.00012982573319146248,0.00022457733542816056,0.00019745817031193845,0.00055186123893156145,-0.0048391223022964894,0.0027926466480957188,-0.0048391223022964903,0,0,0
train:DELTA:0003,train,training,3,DELTA,long,2024-02-28,2024-03-04,2024-03-05,open_long,close_long,False,False,True,4,0.13989663310087486,0.038622531336040329,0.13989663310087486,0.089589966517776176,-0.0039847689390316646,0.00013989663310087487,9.6929518053778254e-05,3.8325658973066418e-05,0.00027515181012771953,-0.0042599207491593842,0,-0.00431713119849757,1,0,0
train:DELTA:0004,train,training,4,DELTA,short,2024-03-06,2024-03-11,2024-03-12,open_short,close_short,False,False,True,4,-0.14256709853994748,-0.20000000000000001,0.24496586410363955,0.18215544440637677,-0.0052572809155406863,0.00014256709853994746,0.00015357770653504348,0.00020184128679204906,0.00049798609186703998,-0.005755267007407726,0,-0.005755267007407726,0,0,0
train:DELTA:0005,train,training,5,DELTA,short,2024-03-13,2024-03-14,2024-03-15,open_short,reverse_short_to_long,False,False,True,2,-0.20000000000000001,-0.042252757523095562,0.20000000000000001,0.12112637876154779,-0.0029817396860520352,0.00020000000000000001,0.00016173027420698707,4.1829012247604829e-05,0.00040355928645459193,-0.003385298972506627,0,-0.0034519120578797358,0,0,0
train:DELTA:0006,train,training,6,DELTA,long,2024-03-15,2024-03-20,2024-03-21,reverse_short_to_long,reverse_long_to_short,False,False,True,4,0.15937487005398449,0.046177128333524352,0.15937487005398449,0.074729676906322512,-0.0058482751469362305,0.0001593748700539845,0.00011040575369833191,4.5138123486921386e-05,0.00031491874723923779,-0.006163193894175468,0,-0.0061631938941754689,0,0,0
train:DELTA:0007,train,training,7,DELTA,short,2024-03-21,2024-04-03,2024-04-04,reverse_long_to_short,close_short,False,False,True,10,-0.1465543571532586,-0.041844291843594728,0.29999999999999999,0.18333216419315521,-0.012804429662932708,0.00014655435715325859,0.00043517595119930578,4.1414597888477294e-05,0.00062314490624104158,-0.013427574569173749,0.001328701976347635,-0.013778437137890655,0,0,0
train:DELTA:0008,train,training,8,DELTA,long,2024-04-05,2024-04-15,2024-04-16,open_long,close_long,False,False,True,7,0.13341317809871447,0.046378087560598386,0.14202247582839347,0.095725263638857888,0.0025207918529719098,0.00013341317809871446,0.00028798692737373819,4.5250383187449912e-05,0.00046665048865990257,0.0020541413643120074,0.0033829563767886076,-0.0011991547860023648,0,0,0
train:DELTA:0009,train,training,9,DELTA,short,2024-04-17,2024-04-17,2024-04-18,open_short,close_short,False,False,True,1,-0.20000000000000001,-0.20000000000000001,0.20000000000000001,0.20000000000000001,-0.005121234134538577,0.00020000000000000001,0,0.0002075449173076604,0.00040754491730766041,-0.0055287790518462375,0,-0.0055287790518462367,0,0,0
train:DELTA:0010,train,training,10,DELTA,long,2024-04-19,2024-04-26,2024-04-29,open_long,close_long,False,False,True,6,0.20000000000000001,0.047001804188420059,0.25317008161976945,0.18323818425101449,-0.00011425791934664123,0.00020000000000000001,0.00026082697645073128,4.6570948938374849e-05,0.00050739792538910609,-0.00062165584473574732,0.0018006936777574781,-0.00062165584473574775,0,0,0
train:DELTA:0011,train,training,11,DELTA,long,2024-04-30,2024-05-01,2024-05-02,open_long,close_long,False,False,True,2,0.29176325516832841,0.29229782319722003,0.29229782319722003,0.29203053918277422,-0.0006335138304481054,0.00029176325516832842,9.374736646197146e-07,0.00029109312155982761,0.00058379385039277571,-0.001217307680840881,0.00067089034636736507,-0.0012173076808408812,0,0,0
train:DELTA:0012,train,training,12,DELTA,short,2024-05-03,2024-05-10,2024-05-13,open_short,close_short,False,False,True,6,-0.17258506335244062,-0.0522321130195414,0.17258506335244062,0.11328265989367771,-0.0040363760935780528,0.00017258506335244062,0.00035417643333124609,5.3014962341585317e-05,0.00057977645902527206,-0.0046161525526033252,0,-0.004616152552603326,0,0,0
train:DELTA:0013,train,training,13,DELTA,long,2024-05-14,2024-05-24,2024-05-27,open_long,reverse_long_to_short,False,False,True,9,0.15741125535388284,0.054917742382672163,0.29999999999999999,0.21259456488914388,-0.0040653281439266224,0.00015741125535388286,0.00038468152038196549,5.3752801591025188e-05,0.0005958455773268736,-0.0046611737212534955,0.0050110134245651113,-0.0046611737212534955,0,0,0
train:DELTA:0014,train,training,14,DELTA,short,2024-05-27,2024-06-10,2024-06-11,reverse_long_to_short,close_short,False,False,True,11,-0.20000000000000001,-0.20000000000000001,0.2768860630081319,0.24799919504782678,0.0067197546341236335,0.00019999999999999998,0.00022882860037915171,0.00019482575293658914,0.00062365435331574078,0.0060961002808078927,0.014531714163827118,0,0,0,0
train:DELTA:0015,train,training,15,DELTA,long,2024-06-12,2024-06-14,2024-06-17,open_long,close_long,False,False,True,3,0.20000000000000001,0.1504585186440287,0.20000000000000001,0.13378778919953246,-0.0045433915569300593,0.00020000000000000001,0.00024683869430688985,0.00014895879267127398,0.00059579748697816386,-0.0051391890439082231,0,-0.005139189043908224,0,0,0
train:DELTA:0016,train,training,16,DELTA,short,2024-06-19,2024-07-05,2024-07-08,open_short,close_short,False,False,True,13,-0.13053609427419793,-0.14990582311620609,0.29999999999999999,0.23155195417884766,0.013669255929996628,0.00013053609427419796,0.00042227693161857674,0.00015323727760931734,0.00070605030350209201,0.012963205626494537,0.016122108938900256,0,0,0,0
train:DELTA:0017,train,training,17,DELTA,long,2024-07-09,2024-07-16,2024-07-17,open_long,close_long,False,False,True,6,0.15383929118207806,0.14283350545171117,0.2529022685447066,0.13415957120115826,-0.010649215824548601,0.00015383929118207806,0.0004124858028826508,0.00013986135016669422,0.00070618644423142305,-0.011355402268780025,0,-0.011355402268780025,0,0,0
train:DELTA:0018,train,training,18,DELTA,short,2024-07-22,2024-08-13,2024-08-14,open_short,close_short,False,False,True,17,-0.13537800131367841,-0.050834715045193622,0.22357951626946551,0.1024109605941094,-0.0040615244129563821,0.0001353780013136784,0.000818195809453006,5.1282893246305029e-05,0.0010048567040129893,-0.0050663811169693717,0.0038802421796063687,-0.0050663811169693734,0,0,0
train:DELTA:0019,train,training,19,DELTA,long,2024-09-18,2024-10-15,2024-10-16,open_long,close_long,False,False,True,20,0.1653394192825311,0.062685006175779073,0.29999999999999999,0.14522357521123225,-0.0005095749056763147,0.00016533941928253108,0.0011010575095510811,6.2708059221985995e-05,0.0013291049880555981,-0.0018386798937319129,0.0055846894592438481,-0.0037907207859085245,0,0,0
train:DELTA:0020,train,training,20,DELTA,short,2024-10-18,2024-10-23,2024-10-24,open_short,reverse_short_to_long,False,False,True,4,-0.16551933172086902,-0.057449609995486678,0.20000000000000001,0.11996391042638746,-0.0019825661599068654,0.00016551933172086902,0.000183302430276832,5.8041666458721552e-05,0.00040686342845642256,-0.002389429588363288,0.0017093957497583733,-0.0023894295883632889,0,0,0
train:DELTA:0021,train,training,21,DELTA,long,2024-10-24,2024-11-06,2024-11-07,reverse_short_to_long,reverse_long_to_short,False,False,True,10,0.15468784764171867,0.20000000000000001,0.29999999999999999,0.25745251027198435,-0.0036470028254628694,0.00015468784764171867,0.00026759229390098285,0.0001974343467321821,0.00061971448827488358,-0.0042667173137377525,0.007146860416211394,-0.0042667173137377525,0,0,0
train:DELTA:0022,train,training,22,DELTA,short,2024-11-07,2024-11-08,2024-11-11,reverse_long_to_short,close_short,False,False,True,2,-0.20000000000000001,-0.053252032920046717,0.20000000000000001,0.12662601646002336,-0.0037405481615315267,0.00020000000000000004,0.00014976667651699202,5.5047544181494764e-05,0.00040481422069848681,-0.0041453623822300138,0,-0.0041453623822300138,0,0,0
train:DELTA:0023,train,training,23,DELTA,short,2024-11-19,2024-12-03,2024-12-04,open_short,close_short,False,False,True,11,-0.26862697356456999,-0.054003826216082809,0.29999999999999999,0.22705118860635787,0.0011036384421142303,0.00026862697356457,0.00049799440243934289,5.3155412537548618e-05,0.00081977678854146154,0.00028386165357276877,0.0039105636091401998,-0.00081070280048125914,0,0,0
train:DELTA:0024,train,training,24,DELTA,short,2024-12-05,2024-12-11,2024-12-12,open_short,close_short,False,False,True,5,-0.20000000000000001,-0.067463450742180478,0.20000000000000001,0.17272595074645394,0.001533978119119045,0.00020000000000000001,0.00013603345184093853,6.8757548656790118e-05,0.00040479100049772864,0.0011291871186213164,0.0029834817350903728,0,0,0,0
train:ECHO:0001,train,training,1,ECHO,short,2024-01-30,2024-02-13,2024-02-14,open_short,close_short,False,False,True,11,-0.21379816768019649,-0.056280974636159192,0.29999999999999999,0.25588817618050463,-0.0034362667057468684,0.00021379816768019651,0.00051822953730364313,5.6073907818485583e-05,0.0007881016128023252,-0.0042243683185491931,0.0060827593766959436,-0.0042243683185491931,0,0,0
train:ECHO:0002,train,training,2,ECHO,long,2024-02-16,2024-02-29,2024-03-01,open_long,close_long,False,False,True,10,0.14108005259005402,0.060588242263790192,0.29999999999999999,0.20026756302996612,-0.00089572558162357471,0.000141080052590054,0.00055624828585509845,5.9980295226422754e-05,0.00075730863367157522,-0.00165303421529515,0.0029915546690989763,-0.0023016194674406968,0,0,0
train:ECHO:0003,train,training,3,ECHO,long,2024-03-08,2024-03-14,2024-03-15,open_long,close_long,False,False,True,5,0.14850028740399937,0.048906771451430138,0.28902121530458963,0.19009832731187132,-0.0014531569457861061,0.00014850028740399937,0.0003692782252241925,4.8309101126834874e-05,0.00056608761375502668,-0.0020192445595411329,0.0048504693679637103,-0.0020192445595411325,0,0,0
train:ECHO:0004,train,training,4,ECHO,long,2024-03-21,2024-04-03,2024-04-04,open_long,close_long,False,False,True,10,0.15933729435227573,0.042238719989075822,0.2351469573735023,0.15590074927598796,0.0013827599663234266,0.00015933729435227572,0.00037735424129000522,4.2016078857099397e-05,0.00057870761449938034,0.00080405235182404622,0.0084376718295170201,0,0,0,0
train:ECHO:0005,train,training,5,ECHO,short,2024-04-09,2024-04-15,2024-04-16,open_short,close_short,False,False,True,5,-0.14018516003254394,-0.048876665998417536,0.14018516003254394,0.066139320044104763,0.0029885449084994728,0.00014018516003254394,9.4656538712413555e-05,4.8888996011925656e-05,0.00028373069475688315,0.0027048142137425894,0.002753703209754516,0,0,0,0
train:ECHO:0006,train,training,6,ECHO,short,2024-04-18,2024-04-26,2024-04-29,open_short,close_short,False,False,True,7,-0.20000000000000001,-0.070865316082904931,0.20000000000000001,0.1618002484835257,-0.0033759533878141559,0.00020000000000000001,0.00039518062002097143,7.0605337601574604e-05,0.00066578595762254605,-0.0040417393454367017,0,-0.0043376096101409699,0,0,0
train:ECHO:0007,train,training,7,ECHO,long,2024-05-02,2024-05-22,2024-05-23,open_long,close_long,False,False,True,15,0.29999999999999999,0.29999999999999999,0.29999999999999999,0.2413547816976582,0.012777182483495941,0.00029999999999999997,0.0006016686022100484,0.0002991862155995836,0.001200854817809632,0.011576327665686309,0.013469280116154905,0,0,0,0
train:ECHO:0008,train,training,8,ECHO,short,2024-05-24,2024-05-24,2024-05-27,open_short,close_short,False,False,True,1,-0.16348208140360043,-0.16348208140360043,0.16348208140360043,0.16348208140360043,-0.00053552064281916123,0.00016348208140360044,0,0.00016503217735335663,0.00032851425875695707,-0.0008640349015761183,0,-0.0008640349015761183,0,0,0
train:ECHO:0009,train,training,9,ECHO,short,2024-05-31,2024-06-11,2024-06-12,open_short,close_short,False,False,True,8,-0.18799113483257551,-0.064894353627785617,0.29999999999999999,0.20051756208111621,6.563188390565434e-05,0.00018799113483257553,0.00034938593620224021,6.5032633317498782e-05,0.00060240970435231447,-0.00053677782044666016,0.0057846890888385363,-0.00053677782044666091,0,0,0
train:ECHO:0010,train,training,10,ECHO,short,2024-06-13,2024-06-26,2024-06-27,open_short,close_short,False,False,True,10,-0.16400338023286326,-0.076141249794117877,0.29999999999999999,0.23560460786908996,-0.0010322525726234059,0.00016400338023286328,0.00037593751890696429,7.3993120597726678e-05,0.00061393401973755415,-0.0016461865923609602,0.0044780885468287098,-0.0026743070060720789,0,0,0
train:ECHO:0011,train,training,11,ECHO,short,2024-07-04,2024-08-02,2024-08-05,open_short,close_short,False,False,True,22,-0.20811135868771505,-0.065522213098061388,0.29999999999999999,0.19313258525502927,0.01016524685089348,0.00020811135868771506,0.0012269544045509229,6.566113761399593e-05,0.001500726900852634,0.0086645199500408453,0.013196016330738271,0,0,0,0
train:ECHO:0012,train,training,12,ECHO,long,2024-08-13,2024-09-04,2024-09-05,open_long,close_long,False,False,True,17,0.16380841138304994,0.059393576459973924,0.29999999999999999,0.17528565028660545,0.0043617051834467235,0.00016380841138304993,0.00064960910363074818,5.7887384404972219e-05,0.0008713048994187703,0.0034904002840279533,0.0083131773695099328,0,0,0,0
train:ECHO:0013,train,training,13,ECHO,long,2024-09-11,2024-10-10,2024-10-11,open_long,reverse_long_to_short,False,False,True,22,0.16827439580158066,0.057668960858890388,0.29999999999999999,0.19168961372993706,0.010969461726761146,0.00016827439580158066,0.00083300932305165661,5.6263466543989849e-05,0.0010575471853972271,0.0099119145413639181,0.015231490687185689,0,0,0,0
train:ECHO:0014,train,training,14,ECHO,short,2024-10-11,2024-11-21,2024-11-22,reverse_long_to_short,close_short,False,False,True,30,-0.16617587868631073,-0.060852755760769588,0.29999999999999999,0.23974137101928367,0.030087966677299353,0.00016617587868631071,0.0011608545036081673,6.1901277040247746e-05,0.0013889316593347259,0.028699035017964628,0.032375758215147946,-0.0025976268759303187,0,0,0
train:ECHO:0015,train,training,15,ECHO,long,2024-11-28,2024-12-17,,open_long,split_boundary_carry,False,True,False,14,0.14632927206936369,0.29999999999999999,0.29999999999999999,0.23016358644190255,0.011412293638552215,0.00014632927206936368,0.00063011476806456993,0,0.00077644404013393355,0.010635849598418281,0.013295908347727137,0,0,0,0
train:FOXTROT:0001,train,training,1,FOXTROT,long,2024-01-30,2024-02-01,2024-02-02,open_long,close_long,False,False,True,3,0.20000000000000001,0.20000000000000001,0.20000000000000001,0.20000000000000004,0.0021857825718381244,0.00020000000000000001,1.8540875785774956e-06,0.00019843408651586014,0.00040028817409443765,0.0017854943977436868,0.0040558907551823953,0,0,0,0
train:FOXTROT:0002,train,training,2,FOXTROT,long,2024-02-05,2024-02-21,2024-02-22,open_long,close_long,False,False,True,13,0.29367108952614873,0.070916289503597615,0.29999999999999999,0.2447732803430237,0.0068740324188296623,0.00029367108952614872,0.0007576707434778355,7.0758757514546617e-05,0.0011221005905185308,0.0057519318283111315,0.0096226091713644008,0,0,0,0
train:FOXTROT:0003,train,training,3,FOXTROT,short,2024-02-26,2024-03-08,2024-03-11,open_short,close_short,False,False,True,10,-0.2499606270244672,-0.09164512389111254,0.2821416859751148,0.1890976332677094,-0.003295971680804304,0.0002499606270244672,0.0004021580008056753,9.1054342610778058e-05,0.00074317297044092061,-0.0040391446512452241,0,-0.0054364452252438642,0,0,0
train:FOXTROT:0004,train,training,4,FOXTROT,short,2024-03-14,2024-03-28,2024-03-29,open_short,close_short,False,False,True,11,-0.22077572952891678,-0.089340613415147235,0.24573101394317939,0.15615312320253219,-0.0055635160459564584,0.00022077572952891678,0.0002059284926981556,9.0761831569714381e-05,0.00051746605379678675,-0.0060809820997532451,0.00041660436259039087,-0.0071519137896676977,0,0,0
train:FOXTROT:0005,train,training,5,FOXTROT,short,2024-04-01,2024-05-01,2024-05-02,open_short,reverse_short_to_long,False,False,True,23,-0.20104016991769658,-0.062616439857582668,0.29999999999999999,0.21149789937061916,0.0050920930756649324,0.0002010401699176966,0.0014185811902249713,6.3738154462957214e-05,0.0016833595146056252,0.0034087335610593072,0.011486866459485748,-0.0032146915456842166,0,0,0
train:FOXTROT:0006,train,training,6,FOXTROT,long,2024-05-02,2024-05-09,2024-05-10,reverse_short_to_long,reverse_long_to_short,False,False,True,6,0.14638920623853779,0.20000000000000001,0.26413287708709843,0.22199515072290091,-0.0028435174935503497,0.0001463892062385378,0.00017979602464244474,0.00019756516227694386,0.00052375039315792637,-0.003367267886708276,0.0013620906426497286,-0.0033672678867082756,0,0,0
train:FOXTROT:0007,train,training,7,FOXTROT,short,2024-05-10,2024-06-04,2024-06-05,reverse_long_to_short,close_short,False,False,True,18,-0.17708553272461094,-0.073532965300177153,0.29999999999999999,0.19489606891535421,0.0047246466186072833,0.00017708553272461095,0.00067923182557071181,7.5096930754125615e-05,0.00093141428904944842,0.0037932323295578347,0.011132700792978721,-0.0015062881293676233,0,0,0
train:FOXTROT:0008,train,training,8,FOXTROT,long,2024-06-07,2024-06-11,2024-06-12,open_long,close_long,False,False,True,3,0.17573512947720932,0.22015221425915305,0.22015221425915305,0.19124660855586365,-0.0046686424647881669,0.00017573512947720933,4.8152918067072331e-05,0.00021999215939844791,0.00044388020694272957,-0.0051125226717308962,0,-0.005112522671730897,0,0,0
train:FOXTROT:0009,train,training,9,FOXTROT,short,2024-06-13,2024-06-17,2024-06-18,open_short,close_short,False,False,True,3,-0.27524657092338833,-0.20000000000000001,0.27854708090606511,0.25126455060981784,-0.010061972574642974,0.0002752465709233883,8.9447610971609865e-05,0.00020584568504265389,0.0005705398669376521,-0.010632512441580626,0,-0.010632512441580626,0,0,0
train:FOXTROT:0010,train,training,10,FOXTROT,long,2024-06-19,2024-07-05,2024-07-08,open_long,close_long,False,False,True,13,0.29026849340906807,0.15677900606274731,0.29026849340906807,0.23390203252025835,0.0091553351599926378,0.00029026849340906804,0.00023264005603353249,0.00015584896713277625,0.00067875751657537676,0.0084765776434172612,0.015151017275569134,0,0,0,0
train:FOXTROT:0011,train,training,11,FOXTROT,long,2024-07-18,2024-09-18,2024-09-19,open_long,close_long,False,False,True,45,0.17980910181548218,0.05313765301942161,0.29999999999999999,0.21917231357325337,0.025584049673004858,0.00017980910181548216,0.0023247463113686877,5.2881043062434563e-05,0.0025574364562466045,0.023026613216758252,0.032752349587769,-0.0021280977525471746,0,0,0
train:FOXTROT:0012,train,training,12,FOXTROT,long,2024-10-02,2024-10-02,2024-10-03,open_long,close_long,False,False,True,1,0.16474236505812076,0.16474236505812076,0.16474236505812076,0.16474236505812076,-0.0021146231361743187,0.00016474236505812075,0,0.00016264503581582622,0.00032738740087394694,-0.0024420105370482658,0,-0.0024420105370482658,0,0,0
train:FOXTROT:0013,train,training,13,FOXTROT,long,2024-10-04,2024-10-18,2024-10-21,open_long,close_long,False,False,True,11,0.16705091636512245,0.17383848733799862,0.29964540809652335,0.22252549092192142,-0.00046761422115764015,0.00016705091636512245,0.00048726943275598808,0.0001726585629650349,0.00082697891208614546,-0.0012945931332437855,0.011478520263365927,-0.0012945931332437859,0,0,0
train:FOXTROT:0014,train,training,14,FOXTROT,short,2024-10-22,2024-11-06,2024-11-07,open_short,close_short,False,False,True,12,-0.14550265675440352,-0.20000000000000001,0.28776617745233363,0.19794749648974486,0.0017303624999764036,0.00014550265675440354,0.00024077055802919714,0.00020030878798401328,0.00058658200276761393,0.0011437804972087898,0.0058635110727586629,0,0,0,0
train:FOXTROT:0015,train,training,15,FOXTROT,long,2024-11-11,2024-12-03,2024-12-04,open_long,close_long,False,False,True,17,0.21641120300548972,0.051863123496464582,0.29999999999999999,0.2503915172019906,0.01326269824318687,0.00021641120300548971,0.00042843898891733242,5.1453282161635518e-05,0.00069630347408445768,0.012566394769102412,0.022385796975793265,0,0,0,0
train:FOXTROT:0016,train,training,16,FOXTROT,short,2024-12-11,2024-12-16,2024-12-17,open_short,close_short,False,False,True,4,-0.14872835646895338,-0.048941584546127494,0.14872835646895338,0.074700425507057036,-0.00068685542541631133,0.00014872835646895338,0.00010047481177411074,4.9986417381932129e-05,0.0002991895856249963,-0.00098604501104130769,0,-0.0013460204862727229,0,0,0
validation:ALPHA:0001,validation,selection,1,ALPHA,short,2024-12-19,2024-12-19,2024-12-20,open_short,reverse_short_to_long,False,False,True,1,-0.21150751305598364,-0.21150751305598364,0.21150751305598364,0.21150751305598364,-0.0019213659338432579,0.00021150751305598362,0,0.00021668937713893344,0.00042819689019491707,-0.0023495628240381749,0,-0.0023495628240381749,0,0,0
validation:ALPHA:0002,validation,selection,2,ALPHA,long,2024-12-20,2024-12-20,2024-12-23,reverse_short_to_long,close_long,False,False,True,1,0.21102188335389491,0.21102188335389491,0.21102188335389491,0.21102188335389491,0.00071835290456179072,0.00021102188335389498,0,0.00021180985276802832,0.00042283173612192332,0.00029552116843986739,0.00050733102120789576,0,0,0,0
validation:ALPHA:0003,validation,selection,3,ALPHA,short,2024-12-26,2024-12-26,2024-12-27,open_short,reverse_short_to_long,False,False,True,1,-0.21745607609344711,-0.21745607609344711,0.21745607609344711,0.21745607609344711,-0.0032359921514934905,0.00021745607609344709,0,0.00022040614578182168,0.00043786222187526877,-0.0036738543733687594,0,-0.0036738543733687594,0,0,0
validation:ALPHA:0004,validation,selection,4,ALPHA,long,2024-12-27,2025-01-30,2025-01-31,reverse_short_to_long,reverse_long_to_short,False,False,True,25,0.2256289526562768,0.052387193906461765,0.29999999999999999,0.2743778059040281,0.03038951348438905,0.00022562895265627682,0.00058424787616465882,5.2432559761487686e-05,0.00086230938858242331,0.029527204095806628,0.038064659826688191,0,0,0,0
validation:ALPHA:0005,validation,selection,5,ALPHA,short,2025-01-31,2025-02-04,2025-02-05,reverse_long_to_short,close_short,False,False,True,3,-0.18848495459403142,-0.059158873209415819,0.21239926728940053,0.15334769836428261,-0.0020706433663851736,0.00018848495459403142,0.00018093974911452098,5.9103021041378255e-05,0.00042852772474993064,-0.0024991710911351044,0.00061517528044146208,-0.0024991710911351044,0,0,0
validation:ALPHA:0006,validation,selection,6,ALPHA,short,2025-02-06,2025-02-11,2025-02-12,open_short,reverse_short_to_long,False,False,True,4,-0.29999999999999999,-0.20000000000000001,0.29999999999999999,0.25,-0.0074281540341385906,0.00029999999999999997,0.00011097190184300515,0.00020114064820959561,0.00061211255005260074,-0.008040266584191191,0,-0.008040266584191191,0,0,0
validation:ALPHA:0007,validation,selection,7,ALPHA,long,2025-02-12,2025-02-25,2025-02-26,reverse_short_to_long,reverse_long_to_short,False,False,True,10,0.20349211197554745,0.058018830057622782,0.21881666349438644,0.17835902031479628,-0.000447096268868185,0.00020349211197554746,0.000195890034683107,5.8133635894246372e-05,0.00045751578255290082,-0.00090461205142108587,0.0052104701476748515,-0.0016747442984348974,0,0,0
validation:ALPHA:0008,validation,selection,8,ALPHA,short,2025-02-26,2025-03-18,2025-03-19,reverse_long_to_short,close_short,False,False,True,15,-0.14672673062310368,-0.17239134072635784,0.29999999999999999,0.26309747459704558,0.0030071353812496371,0.0001467267306231037,0.00051989661005859668,0.0001769950921565156,0.00084361843283821598,0.0021635169484114213,0.0071377888732354561,-0.0024337829075545517,0,0,0
validation:ALPHA:0009,validation,selection,9,ALPHA,long,2025-03-27,2025-04-03,2025-04-04,open_long,reverse_long_to_short,False,False,True,6,0.2123161495386833,0.15544570524819151,0.2123161495386833,0.17123454296358862,-0.0034829936417246363,0.00021231614953868329,0.00027458871412508728,0.00015505122129299835,0.00064195608495676889,-0.0041249497266814053,0.0034567048699935257,-0.0041249497266814053,0,0,0
validation:ALPHA:0010,validation,selection,10,ALPHA,short,2025-04-04,2025-04-07,2025-04-08,reverse_long_to_short,close_short,False,False,True,2,-0.2606290852614358,-0.14692736364893572,0.2606290852614358,0.20377822445518576,-0.00052442366435476921,0.00026062908526143578,0.00011476622829027199,0.00014705735173952054,0.00052245266529122832,-0.0010468763296459975,0,-0.0010468763296459975,0,0,0
validation:ALPHA:0011,validation,selection,11,ALPHA,short,2025-04-09,2025-04-14,,open_short,split_boundary_carry,False,True,False,4,-0.14247746477924236,-0.13534739818942423,0.26199893889935433,0.1937234897476684,-0.0013849707973810973,0.00014247746477924237,0.0002550670988122605,0,0.00039754456359150289,-0.0017825153609726,0.0043669078799634872,-0.0017825153609725998,0,0,0
validation:BRAVO:0001,validation,selection,1,BRAVO,short,2024-12-19,,2024-12-19,split_boundary_carry,close_short,True,False,False,0,-0.2028946788966452,-0.2028946788966452,0,0,0,0,0,0.00020289467889664524,0.00020289467889664524,-0.00020289467889664524,0,-0.00020289467889664524,0,0,0
validation:BRAVO:0002,validation,selection,2,BRAVO,long,2024-12-20,2025-01-02,2025-01-03,open_long,close_long,False,False,True,10,0.22617977892902175,0.19428421113351715,0.24942079925592733,0.21385437357619147,0.0077793283321450366,0.00022617977892902178,0.00013184913095679515,0.00019432450239832556,0.00055235341228414248,0.0072269749198608938,0.0074493708699637472,-0.0012757207011234498,0,0,0
validation:BRAVO:0003,validation,selection,3,BRAVO,long,2025-01-08,2025-01-14,2025-01-15,open_long,reverse_long_to_short,False,False,True,5,0.14550529935686074,0.042936867150772488,0.20000000000000001,0.11703442333930654,-0.00034009882575045797,0.00014550529935686074,0.00020468559351393006,4.2381284129547648e-05,0.00039257217700033843,-0.0007326710027507964,0.0055885040871939519,-0.00073267100275079683,0,0,0
validation:BRAVO:0004,validation,selection,4,BRAVO,short,2025-01-15,2025-01-20,2025-01-21,reverse_long_to_short,close_short,False,False,True,4,-0.20000000000000001,-0.046493844223249731,0.20000000000000001,0.084975668215681088,-0.00073498931853535913,0.00020000000000000004,0.00015375928711628995,4.6572091986159968e-05,0.00040033137910244993,-0.0011353206976378091,0,-0.0011353206976378091,1,0,0
validation:BRAVO:0005,validation,selection,5,BRAVO,short,2025-01-22,2025-02-06,2025-02-07,open_short,close_short,False,False,True,12,-0.2504880910920021,-0.20000000000000001,0.28760073271059949,0.24617691624054538,0.00023514584971572072,0.0002504880910920021,0.00037819501070092388,0.00019803831749715714,0.00082672141929008311,-0.00059157556957436239,0.0092199441867494656,-0.0021628593188577523,0,0,0
validation:BRAVO:0006,validation,selection,6,BRAVO,long,2025-02-10,2025-02-10,2025-02-11,open_long,close_long,False,False,True,1,0.29999999999999999,0.29999999999999999,0.29999999999999999,0.29999999999999999,-0.00013688214000416864,0.00029999999999999997,0,0.00029909954743401694,0.00059909954743401692,-0.0007359816874381855,0,-0.0007359816874381855,0,0,0
validation:BRAVO:0007,validation,selection,7,BRAVO,short,2025-02-18,2025-02-18,2025-02-19,open_short,close_short,False,False,True,1,-0.18194597643506596,-0.18194597643506596,0.18194597643506596,0.18194597643506596,-0.0028486210498795627,0.00018194597643506595,0,0.00018397678320533135,0.00036592275964039732,-0.00321454380951996,0,-0.00321454380951996,0,0,0
validation:BRAVO:0008,validation,selection,8,BRAVO,short,2025-02-20,2025-02-27,2025-02-28,open_short,reverse_short_to_long,False,False,True,6,-0.1859474778351323,-0.056293381842221775,0.1859474778351323,0.082217787136597914,-0.0014307016739050573,0.0001859474778351323,0.00013547634530990192,5.7561799997950331e-05,0.00037898562314298456,-0.0018096872970480419,0.00046357125581177982,-0.0018096872970480417,0,0,0
validation:BRAVO:0009,validation,selection,9,BRAVO,long,2025-02-28,2025-02-28,2025-03-03,reverse_short_to_long,close_long,False,False,True,1,0.20932256459094239,0.20932256459094239,0.20932256459094239,0.20932256459094239,-0.0059805977099998868,0.00020932256459094242,0,0.00020595490836215505,0.0004152774729530975,-0.006395875182952984,0,-0.006395875182952984,0,0,0
validation:BRAVO:0010,validation,selection,10,BRAVO,short,2025-03-05,2025-03-06,2025-03-07,open_short,close_short,False,False,True,2,-0.20000000000000001,-0.20373515401184328,0.20373515401184328,0.20186757700592164,-0.0026916600289752278,0.00020000000000000001,2.2428324914104956e-06,0.00020577137745335779,0.00040801420994476833,-0.0030996742389199959,0,-0.0030996742389199955,0,0,0
validation:BRAVO:0011,validation,selection,11,BRAVO,long,2025-03-10,2025-03-26,2025-03-27,open_long,close_long,False,False,True,13,0.28334459310560561,0.20000000000000001,0.29999999999999999,0.25052474480850262,0.0088343445033178484,0.00028334459310560558,0.00033630874020948464,0.0001994670986942963,0.00081912043200938649,0.0080152240713084622,0.016690723161690967,0,0,0,0
validation:BRAVO:0012,validation,selection,12,BRAVO,short,2025-03-28,2025-04-03,2025-04-04,open_short,close_short,False,False,True,5,-0.23230822152774849,-0.053407040086625793,0.28847715152284387,0.18036668614644125,-0.0014450755389211335,0.00023230822152774851,0.00030022748891307634,5.433436852560026e-05,0.00058687007896642517,-0.0020319456178875587,0.0020503885082120855,-0.0020319456178875582,0,0,0
validation:BRAVO:0013,validation,selection,13,BRAVO,long,2025-04-09,2025-04-14,,open_long,split_boundary_carry,False,True,False,4,0.16224253990043702,0.29999999999999999,0.29999999999999999,0.24056063497510927,0.0029908577948728251,0.00016224253990043702,0.00013459664506204096,0,0.00029683918496247797,0.0026940186099103473,0.0060054148685717429,0,0,0,0
validation:CHARLIE:0001,validation,selection,1,CHARLIE,short,2024-12-19,2024-12-25,2024-12-26,split_boundary_carry,reverse_short_to_long,True,False,False,5,-0.30199698342293874,-0.20000000000000001,0.29999999999999999,0.22846516841484821,-0.0085733931387599067,0,0.00041807293142740712,0.00020312709322440137,0.00062120002465180851,-0.0091945931634117156,0,-0.0091945931634117156,0,0,0
validation:CHARLIE:0002,validation,selection,2,CHARLIE,long,2024-12-26,2024-12-26,2024-12-27,reverse_short_to_long,reverse_long_to_short,False,False,True,1,0.19364771585408344,0.19364771585408344,0.19364771585408344,0.19364771585408344,-0.0047695786861261845,0.00019364771585408342,0,0.00018863343194298996,0.00038228114779707335,-0.0051518598339232577,0,-0.0051518598339232577,0,0,0
validation:CHARLIE:0003,validation,selection,3,CHARLIE,short,2024-12-27,2025-01-14,2025-01-15,reverse_long_to_short,close_short,False,False,True,13,-0.20000000000000001,-0.29999999999999999,0.29999999999999999,0.21817964251520017,0.0045288197538039497,0.00019999999999999998,0.00012167159246418665,0.00030283791253009714,0.00062450950499428378,0.0039043102488096658,0.0075845132033768017,-0.0020534323632461549,0,0,0
validation:CHARLIE:0004,validation,selection,4,CHARLIE,short,2025-01-16,2025-01-23,2025-01-24,open_short,close_short,False,False,True,6,-0.16829053213502376,-0.16849543293899141,0.2772209397595734,0.22016546363694856,-0.010212698244853147,0.00016829053213502377,0.00022794575247230822,0.00017011051012297493,0.00056634679473030686,-0.010779045039583454,0.0021168170045011694,-0.010779045039583454,0,0,0
validation:CHARLIE:0005,validation,selection,5,CHARLIE,long,2025-01-29,2025-02-06,2025-02-07,open_long,close_long,False,False,True,7,0.15509143719132268,0.2497442567779391,0.2662876377282733,0.21632961758071795,-0.00176046582223998,0.00015509143719132269,0.00022528566311790188,0.00024976711822723087,0.00063014421853645544,-0.0023906100407764357,0.0015712372680338825,-0.0031212092979093714,0,0,0
validation:CHARLIE:0006,validation,selection,6,CHARLIE,long,2025-02-11,2025-02-11,2025-02-12,open_long,reverse_long_to_short,False,False,True,1,0.20000000000000001,0.20000000000000001,0.20000000000000001,0.20000000000000001,-6.0048470311824254e-05,0.00020000000000000001,0,0.00019841189708119154,0.00039841189708119155,-0.0004584603673930158,0,-0.0004584603673930158,0,0,0
validation:CHARLIE:0007,validation,selection,7,CHARLIE,short,2025-02-12,2025-02-14,2025-02-17,reverse_long_to_short,close_short,False,False,True,3,-0.20000000000000001,-0.29999999999999999,0.29999999999999999,0.23168453450732876,0.0021464366656818376,0.00019999999999999996,0.00010591954528065674,0.00030160155875173496,0.00060752110403239161,0.001538915561649446,0.0040533860273833638,0,0,0,0
validation:CHARLIE:0008,validation,selection,8,CHARLIE,short,2025-02-24,2025-03-04,2025-03-05,open_short,close_short,False,False,True,7,-0.18543741426512167,-0.07975945880690638,0.29900879878097114,0.20140868671746834,-0.0054199305279056488,0.00018543741426512166,0.00040384441697401434,8.1664551525223057e-05,0.00067094638276435901,-0.0060908769106700076,0.0030343473738734224,-0.0060908769106700084,0,0,0
validation:CHARLIE:0009,validation,selection,9,CHARLIE,long,2025-03-06,2025-03-06,2025-03-07,open_long,close_long,False,False,True,1,0.21268502335740969,0.21268502335740969,0.21268502335740969,0.21268502335740969,-0.0034136074119978672,0.0002126850233574097,0,0.00020903114094955307,0.00042171616430696277,-0.0038353235763048301,0,-0.0038353235763048297,0,0,0
validation:CHARLIE:0010,validation,selection,10,CHARLIE,long,2025-03-12,2025-03-13,2025-03-14,open_long,close_long,False,False,True,2,0.20027169479134896,0.063306412860213851,0.20027169479134896,0.1317890538257814,-0.0029351235438877157,0.00020027169479134893,0.00013352443502949774,6.2952810567621856e-05,0.00039674894038846853,-0.0033318724842761843,0,-0.0033318724842761839,0,0,0
validation:CHARLIE:0011,validation,selection,11,CHARLIE,short,2025-03-18,2025-03-28,2025-03-31,open_short,close_short,False,False,True,9,-0.28657200575572528,-0.055172984467622102,0.29999999999999999,0.24025173039805153,0.00022695333588070162,0.00028657200575572529,0.00054352557155194498,5.5443754070720177e-05,0.00088554133137839055,-0.00065858799549768892,0.00059287094073057212,-0.0044260725850392866,0,0,0
validation:CHARLIE:0012,validation,selection,12,CHARLIE,short,2025-04-02,2025-04-14,,open_short,split_boundary_carry,False,True,False,9,-0.29999999999999999,-0.064652601810575777,0.29999999999999999,0.18974915579065771,-0.005576675765466341,0.00029999999999999997,0.00071331567356337929,0,0.0010133156735633792,-0.0065899914390297205,0.00041204157038387011,-0.0065899914390297205,0,0,0
validation:DELTA:0001,validation,selection,1,DELTA,long,2024-12-19,2024-12-30,2024-12-31,open_long,close_long,False,False,True,8,0.29999999999999999,0.053965861765417955,0.29999999999999999,0.1485141454501504,-0.011445828099098419,0.00029999999999999997,0.00071509275572904842,5.3344775768600281e-05,0.0010684375314976486,-0.012514265630596067,0,-0.014057924325460165,0,0,0
validation:DELTA:0002,validation,selection,2,DELTA,long,2025-01-03,2025-01-09,2025-01-10,open_long,reverse_long_to_short,False,False,True,5,0.20000000000000001,0.053343376757217099,0.20000000000000001,0.14104044351330033,-0.0061748229084132994,0.00020000000000000001,0.00014174375257776074,5.342398215833677e-05,0.00039516773473609757,-0.006569990643149397,0,-0.0065699906431493961,0,0,0
validation:DELTA:0003,validation,selection,3,DELTA,short,2025-01-10,2025-01-30,2025-01-31,reverse_long_to_short,close_short,False,False,True,15,-0.1740411613964705,-0.22923524397726361,0.29999999999999999,0.16424803816699779,-0.0053519326228874927,0.00017404116139647051,0.00082240771014382801,0.00023138746941936809,0.0012278363409596667,-0.0065797689638471598,0.0013074773879867161,-0.0065797689638471598,0,0,0
validation:DELTA:0004,validation,selection,4,DELTA,short,2025-02-04,2025-02-05,2025-02-06,open_short,reverse_short_to_long,False,False,True,2,-0.20366041261236262,-0.21518787055148275,0.21518787055148275,0.20942414158192268,-0.0088301282462974438,0.00020366041261236264,7.1878114637401456e-06,0.00022274205449224495,0.00043359027856834772,-0.0092637185248657921,0,-0.0092637185248657904,0,0,0
validation:DELTA:0005,validation,selection,5,DELTA,long,2025-02-06,2025-02-06,2025-02-07,reverse_short_to_long,reverse_long_to_short,False,False,True,1,0.16477574885395604,0.16477574885395604,0.16477574885395604,0.16477574885395604,-0.001067868777658105,0.00016477574885395607,0,0.00016362446159153858,0.00032840021044549465,-0.0013962689881035998,0,-0.0013962689881035998,0,0,0
validation:DELTA:0006,validation,selection,6,DELTA,short,2025-02-07,2025-02-07,2025-02-10,reverse_long_to_short,reverse_short_to_long,False,False,True,1,-0.20000000000000001,-0.20000000000000001,0.20000000000000001,0.20000000000000001,-0.0034704480760129998,0.00020000000000000001,0,0.00020641721742551319,0.0004064172174255132,-0.0038768652934385132,0,-0.0038768652934385132,0,0,0
validation:DELTA:0007,validation,selection,7,DELTA,long,2025-02-10,2025-03-04,2025-03-05,reverse_short_to_long,close_long,False,False,True,17,0.20000000000000001,0.20000000000000001,0.29999999999999999,0.2572038675429717,0.036605234041507562,0.00020000000000000001,0.00027034445550621651,0.00020206565998486946,0.00067241011549108601,0.035932823926016474,0.042579542428257712,0,0,0,0
validation:DELTA:0008,validation,selection,8,DELTA,short,2025-03-07,2025-03-11,2025-03-12,open_short,close_short,False,False,True,3,-0.20000000000000001,-0.20000000000000001,0.20000000000000001,0.20000000000000004,-0.0025067483560119678,0.00020000000000000001,3.6875097242292096e-06,0.00020405317114226856,0.00040774068086649781,-0.0029144890368784657,0.0019229316451722768,-0.0029144890368784653,0,0,0
validation:DELTA:0009,validation,selection,9,DELTA,long,2025-03-13,2025-03-18,2025-03-19,open_long,close_long,False,False,True,4,0.16588890785727289,0.20000000000000001,0.20000000000000001,0.1914722269643182,-0.0044764539079964593,0.00016588890785727291,3.9190194357055809e-05,0.00020000381867520697,0.00040508292088953571,-0.0048815368288859951,0,-0.0048815368288859943,0,0,0
validation:DELTA:0010,validation,selection,10,DELTA,short,2025-03-26,2025-04-01,2025-04-02,open_short,reverse_short_to_long,False,False,True,5,-0.21487774312177615,-0.21152284847715616,0.29999999999999999,0.20194258376129839,-0.0070654760057680226,0.00021487774312177615,0.00045866550741445553,0.00021787873313975457,0.00089142198367598625,-0.0079568979894440086,0,-0.0079568979894440086,0,0,0
validation:DELTA:0011,validation,selection,11,DELTA,long,2025-04-02,2025-04-09,2025-04-10,reverse_short_to_long,close_long,False,False,True,6,0.19167477517191253,0.061079755581112845,0.22005811687703483,0.16009433675310314,-0.0045724638317038904,0.00019167477517191249,0.0004353060793944855,6.0646153918572178e-05,0.00068762700848497011,-0.0052600908401888606,0,-0.0052600908401888606,0,0,0
validation:DELTA:0012,validation,selection,12,DELTA,short,2025-04-11,2025-04-14,,open_short,split_boundary_carry,False,True,False,2,-0.1988463235747959,-0.29999999999999999,0.29999999999999999,0.24942316178739793,0.00074463956000840885,0.00019884632357479589,0.0001014562834482271,0,0.00030030260702302301,0.00044433695298538585,0.0020202665176112591,0,0,0,0
validation:ECHO:0001,validation,selection,1,ECHO,long,2024-12-19,2024-12-19,2024-12-20,split_boundary_carry,close_long,True,False,False,1,0.29856081223846026,0.20000000000000001,0.20000000000000001,0.20000000000000001,-0.002097336357731927,0,9.8560812238460252e-05,0.00020092597178858327,0.00029948678402704355,-0.0023968231417589706,0,-0.0023968231417589706,0,0,0
validation:ECHO:0002,validation,selection,2,ECHO,short,2024-12-23,2025-01-13,2025-01-14,open_short,reverse_short_to_long,False,False,True,16,-0.20000000000000001,-0.058121497940087065,0.29999999999999999,0.25849877415298533,0.002922884021856682,0.00020000000000000001,0.00044303843804543167,5.8389943361509053e-05,0.00070142838140694079,0.0022214556404497412,0.018536751346420785,-0.0020775818920052867,0,0,0
validation:ECHO:0003,validation,selection,3,ECHO,long,2025-01-14,2025-02-07,2025-02-10,reverse_short_to_long,reverse_long_to_short,False,False,True,19,0.15706313284922754,0.21600936192496223,0.29999999999999999,0.21344043116710698,0.0072650573952201831,0.00015706313284922753,0.00096443558641514738,0.00021593557315535935,0.0013374342924197342,0.0059276231028004486,0.013520125170375806,-0.0014744650704952146,0,0,0
validation:ECHO:0004,validation,selection,4,ECHO,short,2025-02-10,2025-02-10,2025-02-11,reverse_long_to_short,close_short,False,False,True,1,-0.29999999999999999,-0.29999999999999999,0.29999999999999999,0.29999999999999999,-0.00077952644576815275,0.00030000000000000003,0,0.00030001362248007564,0.00060001362248007567,-0.0013795400682482285,0,-0.0013795400682482285,0,0,0
validation:ECHO:0005,validation,selection,5,ECHO,short,2025-02-17,2025-02-21,2025-02-24,open_short,reverse_short_to_long,False,False,True,5,-0.29999999999999999,-0.20744020969090599,0.29999999999999999,0.18051701289716143,-0.0068169615574797272,0.00029999999999999997,0.00070798775377866241,0.00020873796377579877,0.0012167257175544613,-0.0080336872750341876,0,-0.0080336872750341876,0,0,0
validation:ECHO:0006,validation,selection,6,ECHO,long,2025-02-24,2025-03-11,2025-03-12,reverse_short_to_long,reverse_long_to_short,False,False,True,12,0.21371377190342761,0.065052575262093917,0.29999999999999999,0.20567012621994574,-0.0027461581661904991,0.0002137137719034276,0.0010313396738804523,6.4645139009747522e-05,0.0013096985847936276,-0.0040558567509841265,0.0035107074639682038,-0.0046721968048653532,0,0,0
validation:ECHO:0007,validation,selection,7,ECHO,short,2025-03-12,2025-03-13,2025-03-14,reverse_long_to_short,close_short,False,False,True,2,-0.20000000000000001,-0.06018570719567054,0.20000000000000001,0.13009285359783529,-0.0023276684529141252,0.00019999999999999998,0.00014052417532743345,6.0927981021757395e-05,0.00040145215634919081,-0.0027291206092633158,0,-0.0027291206092633158,0,0,0
validation:ECHO:0008,validation,selection,8,ECHO,long,2025-03-19,2025-04-14,,open_long,split_boundary_carry,False,True,False,19,0.20000000000000001,0.20000000000000001,0.29999999999999999,0.27630443062102167,0.029649709924660438,0.00020000000000000001,0.00037338623449398431,0,0.00057338623449398429,0.029076323690166453,0.034742796291346544,0,0,0,0
validation:FOXTROT:0001,validation,selection,1,FOXTROT,long,2024-12-19,,2024-12-19,split_boundary_carry,close_long,True,False,False,0,0.1996265515311193,0.1996265515311193,0,0,0,0,0,0.00019962655153111931,0.00019962655153111931,-0.00019962655153111931,0,-0.00019962655153111931,0,0,0
validation:FOXTROT:0002,validation,selection,2,FOXTROT,short,2024-12-20,2024-12-20,2024-12-23,open_short,close_short,False,False,True,1,-0.20000000000000001,-0.20000000000000001,0.20000000000000001,0.20000000000000001,-0.0033342930737648492,0.00020000000000000001,0,0.00020340114585531524,0.00040340114585531525,-0.0037376942196201642,0,-0.0037376942196201647,0,0,0
validation:FOXTROT:0003,validation,selection,3,FOXTROT,short,2024-12-24,2024-12-24,2024-12-25,open_short,reverse_short_to_long,False,False,True,1,-0.17431265700197998,-0.17431265700197998,0.17431265700197998,0.17431265700197998,-0.00089613515535327197,0.00017431265700197998,0,0.00017478105364901662,0.00034909371065099657,-0.0012452288660042684,0,-0.0012452288660042686,0,0,0
validation:FOXTROT:0004,validation,selection,4,FOXTROT,long,2024-12-25,2024-12-25,2024-12-26,reverse_short_to_long,close_long,False,False,True,1,0.20285603561246393,0.20285603561246393,0.20285603561246393,0.20285603561246393,-0.001905285285400457,0.00020285603561246392,0,0.00020180802514949565,0.00040466406076195959,-0.0023099493461624168,0,-0.0023099493461624168,0,0,0
validation:FOXTROT:0005,validation,selection,5,FOXTROT,long,2025-01-13,2025-01-13,2025-01-14,open_long,close_long,False,False,True,1,0.15246588750650056,0.15246588750650056,0.15246588750650056,0.15246588750650056,-0.00039909516220143173,0.00015246588750650057,0,0.00015192159018909756,0.00030438747769559812,-0.00070348263989702985,0,-0.00070348263989702985,0,0,0
validation:FOXTROT:0006,validation,selection,6,FOXTROT,short,2025-01-21,2025-01-21,2025-01-22,open_short,close_short,False,False,True,1,-0.15159280020598156,-0.15159280020598156,0.15159280020598156,0.15159280020598156,-0.0025323159213364527,0.00015159280020598156,0,0.00015539375250892663,0.00030698655271490822,-0.0028393024740513608,0,-0.0028393024740513608,0,0,0
validation:FOXTROT:0007,validation,selection,7,FOXTROT,short,2025-01-24,2025-01-31,2025-02-03,open_short,close_short,False,False,True,6,-0.1563889462617038,-0.055179575085213511,0.16122425578605998,0.10462812963553836,-0.0040942071268852366,0.00015638894626170382,0.00034448943375324991,5.6139812938001786e-05,0.00055701819295295553,-0.0046512253198381925,0,-0.0046512253198381925,0,0,0
validation:FOXTROT:0008,validation,selection,8,FOXTROT,long,2025-02-07,2025-02-07,2025-02-10,open_long,close_long,False,False,True,1,0.28399063807503777,0.28399063807503777,0.28399063807503777,0.28399063807503777,-0.0033643064598014513,0.00028399063807503782,0,0.0002846905143036114,0.00056868115237864922,-0.0039329876121801007,0,-0.0039329876121801007,0,0,0
validation:FOXTROT:0009,validation,selection,9,FOXTROT,short,2025-02-11,2025-02-25,2025-02-26,open_short,close_short,False,False,True,11,-0.29999999999999999,-0.24489759323926324,0.29999999999999999,0.25021591451191921,0.003062181048860255,0.00029999999999999997,0.00022359813775738339,0.00025755057572357569,0.00078114871348095895,0.0022810323353792961,0.012039328274501127,-0.0014362099778897578,0,0,0
validation:FOXTROT:0010,validation,selection,10,FOXTROT,short,2025-03-04,2025-03-04,2025-03-05,open_short,reverse_short_to_long,False,False,True,1,-0.12640772439311443,-0.12640772439311443,0.12640772439311443,0.12640772439311443,-0.00073725668102514669,0.00012640772439311443,0,0.00012701640634660681,0.00025342413073972127,-0.00099068081176486786,0,-0.00099068081176486786,0,0,0
validation:FOXTROT:0011,validation,selection,11,FOXTROT,long,2025-03-05,2025-03-11,2025-03-12,reverse_short_to_long,close_long,False,False,True,5,0.20000000000000001,0.23200331982414243,0.26262174406628758,0.19048631437690605,-0.0059295016817622961,0.00019999999999999996,0.0004695299858229736,0.00022877292258310437,0.00089830290840607792,-0.0068278045901683741,0.0042389476295794631,-0.0068278045901683741,0,0,0
validation:FOXTROT:0012,validation,selection,12,FOXTROT,short,2025-03-13,2025-03-25,2025-03-26,open_short,close_short,False,False,True,9,-0.22276798892874605,-0.28138869684293527,0.2832129766761724,0.21010411701792395,-0.0042137050987146596,0.00022276798892874607,0.00068224774506277512,0.00028426108641277939,0.0011892768204043007,-0.00540298191911896,0.0009205351079764173,-0.00540298191911896,0,0,0
validation:FOXTROT:0013,validation,selection,13,FOXTROT,short,2025-03-31,2025-03-31,2025-04-01,open_short,close_short,False,False,True,1,-0.15628784632074519,-0.15628784632074519,0.15628784632074519,0.15628784632074519,-0.00276930646586355,0.00015628784632074519,0,0.00015847412392488148,0.00031476197024562667,-0.0030840684361091767,0,-0.0030840684361091767,0,0,0
validation:FOXTROT:0014,validation,selection,14,FOXTROT,short,2025-04-02,2025-04-09,2025-04-10,open_short,close_short,False,False,True,6,-0.14527760288133634,-0.05752253522075762,0.28574931426936567,0.16713857153382505,-0.0067636479502689098,0.00014527760288133632,0.00037303323184317751,5.7505971903462637e-05,0.00057581680662797648,-0.0073394647568968858,0,-0.0073394647568968858,0,0,0
test:ALPHA:0001,test,visible-audit,1,ALPHA,short,2025-04-16,2025-05-16,2025-05-19,split_boundary_carry,reverse_short_to_long,True,False,False,23,-0.25842036853278461,-0.054556165926137601,0.29999999999999999,0.24259078217971974,0.037371073925058541,0,0.00056561403581360445,5.505354241480543e-05,0.00062066757822840991,0.036750406346830133,0.047291804975172318,0,0,0,0
test:ALPHA:0002,test,visible-audit,2,ALPHA,long,2025-05-19,2025-06-03,2025-06-04,reverse_short_to_long,close_long,False,False,True,12,0.14670686480553302,0.20000000000000001,0.29317983570519762,0.23319902028516495,0.011364354469711062,0.00014670686480553301,0.00035326490903654439,0.00020222253125452995,0.00070219430509660744,0.010662160164614454,0.012160476729497327,0,0,0,0
test:ALPHA:0003,test,visible-audit,3,ALPHA,long,2025-06-06,2025-06-06,2025-06-09,open_long,reverse_long_to_short,False,False,True,1,0.16033885015145297,0.16033885015145297,0.16033885015145297,0.16033885015145297,-0.0017889081826837289,0.00016033885015145297,0,0.00015788731283344537,0.00031822616298489838,-0.0021071343456686275,0,-0.0021071343456686275,0,0,0
test:ALPHA:0004,test,visible-audit,4,ALPHA,short,2025-06-09,2025-06-13,2025-06-16,reverse_long_to_short,close_short,False,False,True,5,-0.16583304672811724,-0.061429497504777122,0.20000000000000001,0.10971709074805662,-0.0029487153659441276,0.00016583304672811722,0.00017664339923070455,6.2196368689473061e-05,0.0004046728146482948,-0.0033533881805924226,0,-0.0033533881805924226,0,0,0
test:ALPHA:0005,test,visible-audit,5,ALPHA,long,2025-06-17,2025-06-17,2025-06-18,open_long,close_long,False,False,True,1,0.17274843045963256,0.17274843045963256,0.17274843045963256,0.17274843045963256,-0.00011896615869462869,0.00017274843045963256,0,0.00017347527042141123,0.00034622370088104379,-0.00046518985957567249,0,-0.00046518985957567243,0,0,0
test:ALPHA:0006,test,visible-audit,6,ALPHA,short,2025-06-26,2025-08-08,,open_short,split_boundary_carry,False,True,False,32,-0.16498535847083873,-0.22971479309512083,0.29999999999999999,0.24279499548291011,0.040540724906046141,0.00016498535847083874,0.00083646939577973673,0,0.0010014547542505756,0.039539270151795564,0.041854815613453708,-0.00065012130471829815,0,0,0
test:BRAVO:0001,test,visible-audit,1,BRAVO,long,2025-04-16,2025-05-09,2025-05-12,split_boundary_carry,close_long,True,False,False,18,0.29134994435039085,0.054389094941405793,0.29999999999999999,0.22941323821866291,0.014641657237732076,0,0.00081448438375262807,5.4200458430187857e-05,0.00086868484218281588,0.01377297239554926,0.017127290414208823,-0.002924079325940751,0,0,0
test:BRAVO:0002,test,visible-audit,2,BRAVO,long,2025-05-19,2025-06-05,2025-06-06,open_long,reverse_long_to_short,False,False,True,14,0.29224887954976192,0.060288761604108093,0.29999999999999999,0.2453221811441591,0.0039979389391234729,0.00029224887954976191,0.00062347762919990376,5.8879571316274058e-05,0.0009746060800659397,0.0030233328590575331,0.0092165825440738165,0,0,0,0
test:BRAVO:0003,test,visible-audit,3,BRAVO,short,2025-06-06,2025-06-09,2025-06-10,reverse_long_to_short,close_short,False,False,True,2,-0.17477236902685048,-0.06160335718610039,0.17477236902685048,0.11818786310647543,-0.001754687272041294,0.00017477236902685046,0.00011315236083249667,6.2542276435486804e-05,0.00035046700629483393,-0.0021051542783361282,0,-0.0021051542783361282,0,0,0
test:BRAVO:0004,test,visible-audit,4,BRAVO,short,2025-06-11,2025-06-26,2025-06-27,open_short,reverse_short_to_long,False,False,True,12,-0.26820487045987068,-0.057332501834860834,0.29999999999999999,0.24180612582590807,0.0069871241317808969,0.00026820487045987071,0.00030964174110471095,5.7967764498843167e-05,0.00063581437606342482,0.0063513097557174724,0.010449214926253343,0,0,0,0
test:BRAVO:0005,test,visible-audit,5,BRAVO,long,2025-06-27,2025-07-04,2025-07-07,reverse_short_to_long,reverse_long_to_short,False,False,True,6,0.20000000000000001,0.15320994677590441,0.20000000000000001,0.10677557263819619,-0.0038779417703367625,0.00020000000000000004,0.00025678475415176906,0.00015245347246452151,0.00060923822661629063,-0.0044871799969530531,0,-0.0044871799969530531,0,0,0
test:BRAVO:0006,test,visible-audit,6,BRAVO,short,2025-07-07,2025-07-11,2025-07-14,reverse_long_to_short,reverse_short_to_long,False,False,True,5,-0.16113987684317124,-0.20000000000000001,0.20000000000000001,0.17518686086928054,-0.003354041513230151,0.00016113987684317126,4.1032382223631478e-05,0.00020495992456022813,0.00040713218362703084,-0.0037611736968571818,0.0030839192396997276,-0.0037611736968571818,0,0,0
test:BRAVO:0007,test,visible-audit,7,BRAVO,long,2025-07-14,2025-07-22,2025-07-23,reverse_short_to_long,close_long,False,False,True,7,0.20000000000000001,0.051081610881230394,0.20000000000000001,0.094954858031990233,-0.0039202276069873416,0.00019999999999999998,0.00014236723213901522,5.1006971900699202e-05,0.00039337420403971442,-0.0043136018110270557,0,-0.0043136018110270557,0,0,0
test:BRAVO:0008,test,visible-audit,8,BRAVO,short,2025-07-28,2025-07-31,2025-08-01,open_short,reverse_short_to_long,False,False,True,4,-0.15979702671569762,-0.057822915829642267,0.20000000000000001,0.14189639662074452,-0.0052375587848145014,0.00015979702671569762,0.00021101827480425839,6.065000049765658e-05,0.0004314653020176126,-0.0056690240868321144,0,-0.0056690240868321135,0,0,0
test:BRAVO:0009,test,visible-audit,9,BRAVO,long,2025-08-01,2025-08-08,,reverse_short_to_long,split_boundary_carry,False,True,False,6,0.1325051867724569,0.23784826581016394,0.27038360256752708,0.15913683659072875,-0.0051434365014408848,0.0001325051867724569,0.00073449773683589023,0,0.0008670029236083471,-0.0060104394250492322,0,-0.0062199545671121556,0,0,0
test:CHARLIE:0001,test,visible-audit,1,CHARLIE,long,2025-04-16,2025-04-24,2025-04-25,split_boundary_carry,close_long,True,False,False,7,0.20932611141812701,0.05864474495708618,0.29999999999999999,0.11408186601373123,-0.0071776351861062813,0,0.00062417151564098019,5.873363049968343e-05,0.00068290514614066363,-0.0078605403322469444,0,-0.0079667823884967438,0,0,0
test:CHARLIE:0002,test,visible-audit,2,CHARLIE,short,2025-04-30,2025-05-06,2025-05-07,open_short,reverse_short_to_long,False,False,True,5,-0.2366950216768092,-0.071009083215136923,0.2366950216768092,0.16984685575871411,-0.0045466659449179851,0.0002366950216768092,0.00048423207344947564,7.3031816770252275e-05,0.000793958911896537,-0.0053406248568145225,0,-0.0053406248568145217,0,0,0
test:CHARLIE:0003,test,visible-audit,3,CHARLIE,long,2025-05-07,2025-05-20,2025-05-21,reverse_short_to_long,close_long,False,False,True,10,0.18623091564243471,0.065775605055052491,0.27715910317374731,0.16467879086749879,-0.0040307790813978589,0.00018623091564243471,0.00057068777207390476,6.4370934630834866e-05,0.00082128962234717434,-0.0048520687037450329,0,-0.0048520687037450329,0,0,0
test:CHARLIE:0004,test,visible-audit,4,CHARLIE,short,2025-05-23,2025-06-17,2025-06-18,open_short,close_short,False,False,True,18,-0.14967693359314541,-0.20000000000000001,0.29999999999999999,0.21339554394673044,0.0043841236532417057,0.0001496769335931454,0.00066571647936458905,0.00020163185002644343,0.0010170252629841778,0.0033670983902575279,0.0099224832568717801,-0.0035693578228126266,0,0,0
test:CHARLIE:0005,test,visible-audit,5,CHARLIE,short,2025-06-19,2025-06-19,2025-06-20,open_short,reverse_short_to_long,False,False,True,1,-0.1563716191897839,-0.1563716191897839,0.1563716191897839,0.1563716191897839,-0.00088191479859219533,0.0001563716191897839,0,0.00015721478144605324,0.00031358640063583714,-0.0011955011992280324,0,-0.0011955011992280324,0,0,0
test:CHARLIE:0006,test,visible-audit,6,CHARLIE,long,2025-06-20,2025-06-26,2025-06-27,reverse_short_to_long,close_long,False,False,True,5,0.14623861016367165,0.20000000000000001,0.2886745946915022,0.1845276575521011,-0.0045105385808889061,0.00014623861016367163,0.00023666690958185855,0.0001975082142597846,0.00058041373400531475,-0.0050909523148942211,0,-0.0050909523148942194,0,0,0
test:CHARLIE:0007,test,visible-audit,7,CHARLIE,short,2025-07-03,2025-07-04,2025-07-07,open_short,close_short,False,False,True,2,-0.18349523335687795,-0.067052031443963489,0.18349523335687795,0.12527363240042072,-0.00090719860754805951,0.00018349523335687797,0.00011810416161467555,6.6939151657604312e-05,0.00036853854662915781,-0.0012757371541772173,0,-0.0013392926471016647,0,0,0
test:CHARLIE:0008,test,visible-audit,8,CHARLIE,long,2025-07-10,2025-08-05,2025-08-06,open_long,close_long,False,False,True,19,0.17965414410310274,0.20607172587382946,0.29999999999999999,0.2660302163481118,0.01293750367794717,0.00017965414410310275,0.0007632287143847726,0.00020389795028951215,0.0011467808087773875,0.011790722869169783,0.019560750187493696,0,0,0,0
test:CHARLIE:0009,test,visible-audit,9,CHARLIE,long,2025-08-08,2025-08-08,,open_long,split_boundary_carry,False,True,False,1,0.20119986675305496,0.20119986675305496,0.20119986675305496,0.20119986675305496,0.0028372923075880865,0.00020119986675305496,0,0,0.00020119986675305496,0.0026360924408350313,0.0026360924408350313,0,0,0,0
test:DELTA:0001,test,visible-audit,1,DELTA,short,2025-04-16,2025-04-17,2025-04-18,split_boundary_carry,close_short,True,False,False,2,-0.23837293303818116,-0.055448336052161984,0.29999999999999999,0.17772416802608099,-0.011614891766075048,0,0.00032251372418270064,5.6660902278454591e-05,0.00037917462646115522,-0.011994066392536203,0,-0.011994066392536204,0,0,0
test:DELTA:0002,test,visible-audit,2,DELTA,long,2025-04-21,2025-05-07,2025-05-08,open_long,close_long,False,False,True,13,0.14725038962377376,0.047547506237733274,0.29999999999999999,0.22069751490856213,0.011805482495684924,0.00014725038962377376,0.00044854815638136478,4.7909592498065047e-05,0.00064370813850320348,0.011161774357181721,0.013755373651653958,0,0,0,0
test:DELTA:0003,test,visible-audit,3,DELTA,short,2025-05-14,2025-06-06,2025-06-09,open_short,close_short,False,False,True,18,-0.26665830277230207,-0.06399135787032123,0.29999999999999999,0.27377248330792914,0.013775770430607471,0.00026665830277230204,0.00062029137637994861,6.3194396521269763e-05,0.00095014407567352039,0.01282562635493395,0.022606658357417854,0,0,0,0
test:DELTA:0004,test,visible-audit,4,DELTA,long,2025-06-11,2025-06-13,2025-06-16,open_long,close_long,False,False,True,3,0.19249926188358446,0.18948147921182706,0.19249926188358446,0.14885811210525537,-0.0029607519636012862,0.00019249926188358445,0.00025222670638584915,0.00018799696428803764,0.00063272293255747119,-0.0035934748961587576,0,-0.0035934748961587576,0,0,0
test:DELTA:0005,test,visible-audit,5,DELTA,short,2025-06-18,2025-06-25,2025-06-26,open_short,close_short,False,False,True,6,-0.22162639027207989,-0.29999999999999999,0.29999999999999999,0.20874902559421471,-0.0044154042110515004,0.00022162639027207992,0.00038913738999828802,0.00030751580430889169,0.0009182795845792596,-0.0053336837956307597,0.0026058052099779232,-0.0053336837956307597,0,0,0
test:DELTA:0006,test,visible-audit,6,DELTA,long,2025-06-30,2025-07-10,2025-07-11,open_long,close_long,False,False,True,9,0.17665099952799285,0.059433116274922843,0.29999999999999999,0.2306965428440694,-0.0068047039303811329,0.00017665099952799283,0.00036188895899872048,5.8264542129432786e-05,0.00059680450065614603,-0.007401508431037279,0.0038413290858293758,-0.0074015084310372799,0,0,0
test:DELTA:0007,test,visible-audit,7,DELTA,short,2025-07-14,2025-07-22,2025-07-23,open_short,close_short,False,False,True,7,-0.20000000000000001,-0.057765834690453016,0.203521628992273,0.11931103384349254,-0.0066867533206478357,0.00020000000000000001,0.00014391843841509084,5.8276413453468154e-05,0.00040219485186855896,-0.0070889481725163947,0,-0.0070889481725163938,0,0,0
test:DELTA:0008,test,visible-audit,8,DELTA,long,2025-07-28,2025-08-08,,open_long,split_boundary_carry,False,True,False,10,0.28593552959863799,0.060951867436781146,0.29999999999999999,0.18172504378902352,-0.011499835130884034,0.00028593552959863802,0.001234026512797958,0,0.0015199620423965959,-0.013019797173280631,0,-0.013487318665748968,0,0,0
test:ECHO:0001,test,visible-audit,1,ECHO,short,2025-04-17,2025-04-29,2025-04-30,open_short,close_short,False,False,True,9,-0.18890679134881383,-0.20888327154051797,0.2205860227000486,0.19012251898206423,0.00035398021054404427,0.00018890679134881384,0.00034009463808125416,0.00020899135104688905,0.00073799278047695697,-0.00038401256993291269,0.0027330709230711714,-0.0044290582460117774,0,0,0
test:ECHO:0002,test,visible-audit,2,ECHO,short,2025-05-06,2025-05-07,2025-05-08,open_short,reverse_short_to_long,False,False,True,2,-0.17468083026555592,-0.063874765662798538,0.17468083026555592,0.11927779796417723,-0.00069107261958478749,0.00017468083026555591,0.00011145268551530192,6.4702115428496302e-05,0.00035083563120935418,-0.0010419082507941418,0,-0.0010419082507941416,0,0,0
test:ECHO:0003,test,visible-audit,3,ECHO,long,2025-05-08,2025-05-16,2025-05-19,reverse_short_to_long,reverse_long_to_short,False,False,True,7,0.17060062390613162,0.29942446847840415,0.29999999999999999,0.26245194137941247,-0.0061145217809673059,0.00017060062390613162,0.00013687973998215735,0.00029353277337324641,0.00060101313726153532,-0.0067155349182288415,0.0032732928515944249,-0.0067155349182288415,0,0,0
test:ECHO:0004,test,visible-audit,4,ECHO,short,2025-05-19,2025-05-20,2025-05-21,reverse_long_to_short,close_short,False,False,True,2,-0.16072663363933204,-0.053844128184223461,0.16072663363933204,0.10728538091177775,-0.0013486130848070169,0.00016072663363933206,0.00010671209041536442,5.3946504569972143e-05,0.00032138522862466861,-0.0016699983134316856,0,-0.0016699983134316858,0,0,0
test:ECHO:0005,test,visible-audit,5,ECHO,long,2025-06-04,2025-07-11,2025-07-14,open_long,close_long,False,False,True,28,0.20000000000000001,0.20000000000000001,0.29999999999999999,0.21154892976871784,-0.0021787159222565271,0.00020000000000000001,0.0022906544722454064,0.00019793279542571895,0.0026885872676711254,-0.0048673031899276525,0.0018314465295267385,-0.0073051869605961911,0,0,0
test:ECHO:0006,test,visible-audit,6,ECHO,long,2025-07-16,2025-07-29,2025-07-30,open_long,close_long,False,False,True,10,0.15085561824172106,0.039346539201621247,0.2011086665882974,0.14693877652653292,-0.0050003270693941993,0.00015085561824172106,0.00020981712364159127,3.9819660009122374e-05,0.00040049240189243466,-0.0054008194712866341,0.0036214780151193927,-0.005895933075060149,0,0,0
test:ECHO:0007,test,visible-audit,7,ECHO,short,2025-07-31,2025-08-08,,open_short,split_boundary_carry,False,True,False,7,-0.14217708417035774,-0.27028520690487912,0.27172446208200118,0.1816783467446908,0.0051229877973296778,0.00014217708417035775,0.00033496324130135203,0,0.00047714032547170978,0.0046458474718579683,0.0046458474718579683,-0.00023948368238656422,0,0,0
test:FOXTROT:0001,test,visible-audit,1,FOXTROT,long,2025-04-17,2025-04-17,2025-04-18,open_long,close_long,False,False,True,1,0.28416468065412875,0.28416468065412875,0.28416468065412875,0.28416468065412875,-0.0074432920415164056,0.00028416468065412876,0,0.00027732673341835892,0.00056149141407248768,-0.0080047834555888927,0,-0.0080047834555888927,0,0,0
test:FOXTROT:0002,test,visible-audit,2,FOXTROT,short,2025-04-21,2025-04-24,2025-04-25,open_short,close_short,False,False,True,4,-0.18823113798399352,-0.058260524264059664,0.18823113798399352,0.091381894909355624,-0.0040139237516508084,0.0001882311379839935,0.00013215803986150722,5.9979094561425208e-05,0.00038036827240692592,-0.0043942920240577343,0,-0.0043942920240577351,0,0,0
test:FOXTROT:0003,test,visible-audit,3,FOXTROT,short,2025-05-01,2025-05-01,2025-05-02,open_short,close_short,False,False,True,1,-0.16625743052227013,-0.16625743052227013,0.16625743052227013,0.16625743052227013,-0.0022053780417096601,0.00016625743052227013,0,0.00016805638983686424,0.00033431382035913439,-0.0025396918620687946,0,-0.0025396918620687946,0,0,0
test:FOXTROT:0004,test,visible-audit,4,FOXTROT,short,2025-05-07,2025-05-23,2025-05-26,open_short,close_short,False,False,True,13,-0.16076223891113375,-0.052360712874579544,0.20032058223598473,0.15309614492988438,-0.0023887963271515453,0.00016076223891113375,0.00069455313957371531,5.308796433953796e-05,0.00090840334282438705,-0.0032971996699759322,0.0026904771819351659,-0.0032971996699759317,0,0,0
test:FOXTROT:0005,test,visible-audit,5,FOXTROT,long,2025-06-05,2025-06-24,2025-06-25,open_long,reverse_long_to_short,False,False,True,14,0.16762051060918176,0.055104882224238351,0.28193909360545627,0.20019345343932496,-0.00018524105503706762,0.00016762051060918175,0.0005541328426588041,5.4232981189283595e-05,0.00077598633445726938,-0.000961227389494337,0.0096443319972613264,-0.0016408482359690593,0,0,0
test:FOXTROT:0006,test,visible-audit,6,FOXTROT,short,2025-06-25,2025-07-10,2025-07-11,reverse_long_to_short,close_short,False,False,True,12,-0.15027287636826811,-0.048591615132645205,0.29999999999999999,0.23359617773562155,0.0089363098919224629,0.00015027287636826812,0.0004527713413747602,4.8035778890201946e-05,0.00065107999663323031,0.0082852298952892332,0.0091462385128793389,0,0,0,0
test:FOXTROT:0007,test,visible-audit,7,FOXTROT,short,2025-07-17,2025-07-29,2025-07-30,open_short,close_short,False,False,True,9,-0.15527764917239997,-0.050034356062361784,0.20158953049047609,0.14605904167772826,-0.00078035933097050036,0.00015527764917239997,0.00020800971241185314,4.9805509744247736e-05,0.00041309287132850083,-0.0011934522022990011,0.0025689997037528912,-0.0012910308432756263,0,0,0
test:FOXTROT:0008,test,visible-audit,8,FOXTROT,short,2025-08-01,2025-08-05,2025-08-06,open_short,reverse_short_to_long,False,False,True,3,-0.15753516059087799,-0.059179170800080338,0.15886683264136137,0.12519372134410658,-0.0017489715443960718,0.00015753516059087799,0.00010186251241904465,6.0416826884982908e-05,0.0003198144998949055,-0.0020687860442909775,0,-0.0020687860442909775,0,0,0
test:FOXTROT:0009,test,visible-audit,9,FOXTROT,long,2025-08-06,2025-08-06,2025-08-07,reverse_short_to_long,close_long,False,False,True,1,0.29344701183357708,0.29344701183357708,0.29344701183357708,0.29344701183357708,-0.0033491744558442967,0.0002934470118335771,0,0.00028979674222399932,0.00058324375405757636,-0.0039324182099018728,0,-0.0039324182099018728,0,0,0
