timestamp,ALPHA,BRAVO,CHARLIE,DELTA,ECHO,FOXTROT
2024-01-02,0,0,0,0,0,0
2024-01-03,0,0,0,0,0,0
2024-01-04,0,0,0,0,0,0
2024-01-05,0,0,0,0,0,0
2024-01-08,0,0,0,0,0,0
2024-01-09,0,0,0,0,0,0
2024-01-10,0,0,0,0,0,0
2024-01-11,0,0,0,0,0,0
2024-01-12,0,0,0,0,0,0
2024-01-15,0,0,0,0,0,0
2024-01-16,0,0,0,0,0,0
2024-01-17,0,0,0,0,0,0
2024-01-18,0,0,0,0,0,0
2024-01-19,0,0,0,0,0,0
2024-01-22,0,0,0,0,0,0
2024-01-23,0,0,0,0,0,0
2024-01-24,0,0,0,0,0,0
2024-01-25,0,0,0,0,0,0
2024-01-26,0,0,0,0,0,0
2024-01-29,0,0,0,0,0,0
2024-01-30,0,0.29999999999999999,-0.28620183231980351,0,-0.21379816768019649,0.20000000000000001
2024-01-31,0,0.29999999999999999,-0.20000000000000001,0,-0.29999999999999999,0.20000000000000001
2024-02-01,0,0.29999999999999999,-0.27715469784205443,0,-0.2228453021579456,0.20000000000000001
2024-02-02,0.28634486931219078,0.21365513068780917,-0.27793490661922865,0,-0.22206509338077132,0
2024-02-05,0.20632891047385124,0,-0.20000000000000001,0,-0.29999999999999999,0.29367108952614873
2024-02-06,0.27805030036793887,0.17493267949601532,-0.20000000000000001,0,-0.29999999999999999,0.047017020136045827
2024-02-07,0.28783350708545985,0.065405625552164059,-0.20000000000000001,0,-0.29999999999999999,0.14676086736237606
2024-02-08,0.17204051257698905,0.066362183609117539,-0.20000000000000001,0,-0.29999999999999999,0.26159730381389334
2024-02-09,0,0.20722694078435358,-0.20000000000000001,0,-0.29999999999999999,0.29277305921564645
2024-02-12,0,0.20521519893411452,-0.20000000000000001,0,-0.29999999999999999,0.29478480106588545
2024-02-13,0.16133952416410524,0.057589444385986288,-0.29999999999999999,-0.14371902536384082,-0.056280974636159192,0.28107103144990847
2024-02-14,0.20000000000000001,0,-0.29999999999999999,-0.20000000000000001,0,0.29999999999999999
2024-02-15,0.20000000000000001,0,-0.29999999999999999,-0.20000000000000001,0,0.29999999999999999
2024-02-16,0.058919947409945994,0,-0.29999999999999999,-0.20000000000000001,0.14108005259005402,0.29999999999999999
2024-02-19,0.056802488093586762,0,-0.29999999999999999,-0.20000000000000001,0.14331528554472442,0.29988222636168888
2024-02-20,-0.20000000000000001,0,-0.29999999999999999,0,0.20000000000000001,0.29999999999999999
2024-02-21,-0.20000000000000001,0,-0.29999999999999999,0.12982573319146248,0.29925797730493991,0.070916289503597615
2024-02-22,-0.20000000000000001,0,-0.29999999999999999,0.20000000000000001,0.29999999999999999,0
2024-02-23,0,-0.20326719924037315,-0.29673280075962688,0.28110830545605359,0.21889169454394639,0
2024-02-26,0,-0.19587867655633531,-0.054160696419197497,0.20000000000000001,0.29999999999999999,-0.2499606270244672
2024-02-27,0.21786885570916711,-0.29999999999999999,0,0,0.28213114429083286,-0.20000000000000001
2024-02-28,0,-0.21907590790112486,0.29999999999999999,0.13989663310087486,0.060103366899125148,-0.28092409209887514
2024-02-29,0,-0.21782831253280979,0.29999999999999999,0.14139361341037521,0.058606386589624818,-0.28217168746719024
2024-03-01,0.15958188131807305,-0.29999999999999999,0.29999999999999999,0.040418118681926962,0,-0.20000000000000001
2024-03-04,0.20000000000000001,-0.28665510499425273,0.29999999999999999,0,0,-0.2133448950057473
2024-03-05,0.20000000000000001,-0.2755703581996744,0.29999999999999999,0,0,-0.22442964180032557
2024-03-06,0.20000000000000001,-0.27450829066763266,0.29999999999999999,-0.14256709853994748,0,-0.082924610792419931
2024-03-07,0.20000000000000001,-0.26679531660462336,0.29999999999999999,-0.14522694275164708,0,-0.087977740643729485
2024-03-08,0.051499712596000627,-0.16338901200524789,0.29999999999999999,-0.24496586410363955,0.14850028740399937,-0.09164512389111254
2024-03-11,0,-0.29999999999999999,0.29999999999999999,-0.20000000000000001,0.20000000000000001,0
2024-03-12,-0.29999999999999999,-0.20000000000000001,0.21097878469541045,0,0.28902121530458963,0
2024-03-13,-0.29999999999999999,0,0.23593663760066252,-0.20000000000000001,0.26406336239933748,0
2024-03-14,-0.23697151294798766,0.22743194799589181,0.22366128055267809,-0.042252757523095562,0.048906771451430138,-0.22077572952891678
2024-03-15,-0.25426898605682063,0.25959987044773153,0.081025259498284041,0.15937487005398449,0,-0.24573101394317939
2024-03-18,-0.26117229784624085,0.24211150188668409,0.21130695661374729,0.046581541499568654,0,-0.23882770215375915
2024-03-19,-0.26238230563908566,0.24152130950671824,0.21222106190557924,0.046257628587702534,0,-0.23761769436091432
2024-03-20,-0.24836039687282499,0.24050746171078052,0.2140185473512764,0.045473990937943097,0,-0.25163960312717504
2024-03-21,-0.26754096683206302,0.26358747094479124,0.077075234702933051,-0.1465543571532586,0.15933729435227573,-0.085904676014678383
2024-03-22,-0.16226029727588151,0.049249950195722335,0.21560309243077538,-0.24943578849711059,0.2351469573735023,-0.088303914227007868
2024-03-25,-0.15277542142478212,0.051737717669700402,0.29999999999999999,-0.25435511212603107,0.14826228233029962,-0.092869466449186741
2024-03-26,-0.15756763376675112,0.052493049948838591,0.29999999999999999,-0.2587887120073421,0.14750695005116141,-0.083643654225906805
2024-03-27,-0.15165994243614983,0.050652325010361099,0.29999999999999999,-0.26559230869441053,0.14934767498963894,-0.082747748869439627
2024-03-28,-0.15349053950552197,0.050168564858826752,0.29999999999999999,-0.26254692584752526,0.14983143514117325,-0.083962534646952747
2024-03-29,-0.20000000000000001,0,0.29999999999999999,-0.29999999999999999,0.20000000000000001,0
2024-04-01,-0.25789306926079997,0,0.29999999999999999,-0.041066760821503498,0.20000000000000001,-0.20104016991769658
2024-04-02,-0.2761254672430018,0.29999999999999999,0.06591066035367199,-0.040476417580062339,0.13408933964632802,-0.1833981151769358
2024-04-03,-0.27360676210933682,0.27346856433794114,0.18429271567298303,-0.041844291843594728,0.042238719989075822,-0.1845489460470684
2024-04-04,-0.29977873027930968,0.29707010451425037,0.20292989548574961,0,0,-0.20022126972069032
2024-04-05,-0.29999999999999999,0.29973916266689182,0.066847659234393661,0.13341317809871447,0,-0.20000000000000001
2024-04-08,-0.29710455614006626,0.27171235733023563,0.18708548585561621,0.041202156814148169,0,-0.20289544385993369
2024-04-09,-0.29694570257988745,0.2661592238900819,0.19361525214098399,0.040225523968934085,-0.14018516003254394,-0.062869137387568538
2024-04-10,-0.16908241797646298,0.29643651974802326,0.06988290567654562,0.13368057457543112,-0.046004367466508982,-0.28491321455702801
2024-04-11,-0.27320123944480712,0.29999999999999999,0.066845151374214484,0.1331548486257855,-0.047342827170030653,-0.1794559333851623
2024-04-12,-0.15312759629002023,0.29999999999999999,0.057977524171606523,0.14202247582839347,-0.04828757955302268,-0.29858482415695703
2024-04-15,-0.26331376983831889,0.29999999999999999,0.15362191243940165,0.046378087560598386,-0.048876665998417536,-0.18780956416326353
2024-04-16,-0.20000000000000001,0.29999999999999999,0.20000000000000001,0,0,-0.29999999999999999
2024-04-17,0,0.29999999999999999,0.20000000000000001,-0.20000000000000001,0,-0.29999999999999999
2024-04-18,0,0.29999999999999999,0.20000000000000001,0,-0.20000000000000001,-0.29999999999999999
2024-04-19,0,0.29999999999999999,0,0.20000000000000001,-0.20000000000000001,-0.29999999999999999
2024-04-22,0,0.24682991838023061,0,0.25317008161976945,-0.20000000000000001,-0.29999999999999999
2024-04-23,0,0.24981329911328043,0,0.25018670088671957,-0.20000000000000001,-0.29999999999999999
2024-04-24,0,0.29999999999999999,-0.24983229784985203,0.20000000000000001,-0.066394704504791874,-0.1837729976453561
2024-04-25,0.28401863949431017,0.066040640471851278,-0.24749002624628949,0.14994072003383849,-0.1981655242168654,-0.054344449536845134
2024-04-26,0.2683698493918909,0.18462834641968898,-0.25813468340035389,0.047001804188420059,-0.070865316082904931,-0.17100000051674122
2024-04-29,0.2954996947053356,0.20450030529466443,-0.29712465012378869,0,0,-0.20287534987621125
2024-04-30,0,0.20823674483167162,-0.29343874827930144,0.29176325516832841,0,-0.20656125172069859
2024-05-01,-0.17034589446572274,0.20770217680277997,-0.26703766567669457,0.29229782319722003,0,-0.062616439857582668
2024-05-02,-0.20000000000000001,0.053610793761462217,-0.29999999999999999,0,0.29999999999999999,0.14638920623853779
2024-05-03,-0.27417865942696534,0.051723167725200692,-0.053236277220593979,-0.17258506335244062,0.21695209599182122,0.23132473628297814
2024-05-06,-0.27633489453888216,0.052149369935472416,-0.16383154850838494,-0.05983355695273293,0.21773902381659474,0.23011160624793286
2024-05-07,-0.26520706585611115,-0.17949370191744979,0,-0.055299232226439066,0.2358671229129016,0.26413287708709843
2024-05-08,-0.26903481439612065,-0.059883345379370991,0,-0.17108184022450837,0.23998752151914171,0.26001247848085834
2024-05-09,-0.27319696581148345,-0.058138880602112683,0,-0.1686641535864038,0.29999999999999999,0.20000000000000001
2024-05-10,-0.27068235425584769,0,0.20000000000000001,-0.0522321130195414,0.29999999999999999,-0.17708553272461094
2024-05-13,-0.29999999999999999,0,0.28339387670182492,0,0.21660612329817508,-0.20000000000000001
2024-05-14,-0.29387334725220937,-0.15099429701010081,0.047227241623290513,0.15741125535388284,0.2953615030228266,-0.055132355737689841
2024-05-15,-0.27223772882889041,-0.16844033823624455,0.046856899787759657,0.15715115943277536,0.29599194077946495,-0.059321932934865026
2024-05-16,-0.27139252596347141,-0.056618274171506541,0.050438353931757891,0.27448996942685006,0.175071676641392,-0.17198919986502201
2024-05-17,-0.2840095841097422,-0.052936885348438947,0.052007733555467638,0.29359523711946006,0.15439702932507229,-0.16305353054181884
2024-05-20,-0.16970891227786511,-0.052422901944831631,0.052360490626114739,0.29478768975595371,0.15285181961793151,-0.27786818577730327
2024-05-21,-0.20000000000000001,0,0,0.29999999999999999,0.20000000000000001,-0.29999999999999999
2024-05-22,-0.20207213599466986,0,0,0.20000000000000001,0.29999999999999999,-0.29792786400533017
2024-05-23,-0.20000000000000001,0.29999999999999999,0,0.20000000000000001,0,-0.29999999999999999
2024-05-24,-0.043198343837541633,0.27232934778346141,0.1727529098338664,0.054917742382672163,-0.16348208140360043,-0.29331957475885789
2024-05-27,0.20000000000000001,0.29999999999999999,0,-0.20000000000000001,0,-0.29999999999999999
2024-05-28,0.27659675444362508,0.22340324555637497,0,-0.27328811430807498,0,-0.22671188569192496
2024-05-29,0.26324781324315144,0.23675218675684859,0,-0.27146931210433001,0,-0.22853068789566994
2024-05-30,0.20000000000000001,0.29999999999999999,0,-0.26147711108252158,0,-0.23852288891747844
2024-05-31,0.20000000000000001,0.29999999999999999,0,-0.23724525603497226,-0.18799113483257551,-0.07476360913245228
2024-06-03,0.20000000000000001,0.29999999999999999,0,-0.24161114530867484,-0.18401754042556637,-0.074371314265758839
2024-06-04,0.20000000000000001,0.29999999999999999,0,-0.23964228824082129,-0.18457892107763804,-0.07577879068154067
2024-06-05,0.20000000000000001,0.29999999999999999,0,-0.2768860630081319,-0.22311393699186816,0
2024-06-06,0.20000000000000001,0.29999999999999999,0,-0.27291265993205432,-0.22708734006794568,0
2024-06-07,0.036408854686631131,0.28785601583615961,0,-0.2633520585967879,-0.23664794140321213,0.17573512947720932
2024-06-10,0.037641479118320761,0.28450603895045073,0,-0.20000000000000001,-0.29999999999999999,0.17785248193122857
2024-06-11,-0.21217054214275227,0.2798477857408469,-0.22293510422946208,0,-0.064894353627785617,0.22015221425915305
2024-06-12,-0.24278893927188491,0.29999999999999999,-0.25721106072811512,0.20000000000000001,0,0
2024-06-13,0.15129600295611012,0.29779914808932118,-0.060750048843748371,0.050904848954568684,-0.16400338023286326,-0.27524657092338833
2024-06-14,0.050530575892994367,0.29901090546297693,-0.060958680765536795,0.1504585186440287,-0.1604942383283981,-0.27854708090606511
2024-06-17,0.20000000000000001,0.29999999999999999,0,0,-0.29999999999999999,-0.20000000000000001
2024-06-18,0.20000000000000001,0.29999999999999999,-0.20000000000000001,0,-0.29999999999999999,0
2024-06-19,0.14964178655669769,0.060089720034234233,-0.069463905725802105,-0.13053609427419793,-0.29999999999999999,0.29026849340906807
2024-06-20,0.042103973016800363,0,0.21439310220983399,-0.20000000000000001,-0.29999999999999999,0.24350292477336571
2024-06-21,0.044292818653296644,0,0.21484763798790243,-0.24840839695141584,-0.25159160304858419,0.24085954335880094
2024-06-24,0.044500501741795963,0,0.21915831175786527,-0.26225569403212978,-0.23774430596787022,0.23634118650033875
2024-06-25,0.047392681164259057,0,0.21901356767964386,-0.26947159405196697,-0.23052840594803301,0.2335937511560971
2024-06-26,0.049102734763743362,-0.158273596391897,0.21470623462754934,-0.26558515381398512,-0.076141249794117877,0.2361910306087073
2024-06-27,0,-0.20000000000000001,0.22448553628080645,-0.29999999999999999,0,0.27551446371919353
2024-06-28,0,-0.20000000000000001,0.22397593739331606,-0.29999999999999999,0,0.27602406260668388
2024-07-01,0,-0.20369373642688252,0.22037643709775356,-0.29630626357311751,0,0.27962356290224644
2024-07-02,0.16463340920921174,-0.29999999999999999,0.069090223306227994,-0.20000000000000001,0,0.26627636748456029
2024-07-03,0.28059310414287858,-0.29999999999999999,0.066840434342659696,-0.20000000000000001,0,0.15256646151446174
2024-07-04,0.27757726317449916,-0.051030710884096823,0.068623217280128393,-0.24085793042818807,-0.20811135868771505,0.15379951954537247
2024-07-05,0.27078791242317551,-0.050094176883793917,0.072433081514077222,-0.14990582311620609,-0.29999999999999999,0.15677900606274731
2024-07-08,0.29999999999999999,0.20000000000000001,-0.2003014546296093,0,-0.2996985453703907,0
2024-07-09,0.28499850596256715,0.061162202855354737,-0.29999999999999999,0.15383929118207806,-0.20000000000000001,0
2024-07-10,0.28249658309960962,0.060726901127375638,-0.20365393257187034,0.15677651577301471,-0.29634606742812969,0
2024-07-11,0.27824243979085739,0.17219950219355037,-0.29999999999999999,0.049558058015592231,-0.20000000000000001,0
2024-07-12,0.27840274062023285,0.17234803296993287,-0.29999999999999999,0.049249226409834319,-0.20000000000000001,0
2024-07-15,0.1842254507355145,0.062872280719778906,-0.29999999999999999,0.2529022685447066,-0.20000000000000001,0
2024-07-16,0.29395843900102531,0.063208055547263456,-0.29999999999999999,0.14283350545171117,-0.20000000000000001,0
2024-07-17,0.29999999999999999,0.20000000000000001,-0.29999999999999999,0,-0.20000000000000001,0
2024-07-18,0.26342846317966806,0.056762435004849794,-0.29999999999999999,0,-0.20000000000000001,0.17980910181548218
2024-07-19,0.1527766234974306,0.28358645759483359,-0.29999999999999999,0,-0.20000000000000001,0.063636918907735832
2024-07-22,0.25837819169162868,0.057740481265495122,-0.29999999999999999,-0.13537800131367841,-0.064621998686321611,0.18388132704287616
2024-07-23,0.25375543774494902,0.05632098112945437,-0.29999999999999999,-0.037477135899040913,-0.16252286410095909,0.18992358112559662
2024-07-24,0.26764405917773038,0.16938744297103348,-0.068355564323632531,-0.13164443567636749,-0.29999999999999999,0.062968497851236122
2024-07-25,0.26604753666336522,0.17124798985782144,-0.07709319838124068,-0.12290680161875933,-0.29999999999999999,0.062704473478813319
2024-07-26,0.17502851978038797,0.26096031256242347,-0.20718373238343263,-0.21962851352427223,-0.073187754092295068,0.064011167657188561
2024-07-29,0.15840014916260869,0.045084503324766309,-0.20455285674566925,-0.22357951626946551,-0.07186762698486529,0.29651534751262498
2024-07-30,0.18300754044567238,0.25200839853469958,-0.28886682641018613,-0.035125419207881682,-0.17600775438193222,0.064984061019628003
2024-07-31,0.2879003393737497,0.14889459368773969,-0.28967110510959809,-0.038475497015206521,-0.17185339787519546,0.063205066938510621
2024-08-01,0.28104587111591378,0.052699344390565568,-0.29407583303739476,-0.038647382716827675,-0.16727678424577755,0.16625478449352063
2024-08-02,0.29948739934659702,0.048427581475981092,-0.29999999999999999,-0.13447778690193865,-0.065522213098061388,0.1520850191774219
2024-08-05,0.21171702748401028,0,-0.29999999999999999,-0.20000000000000001,0,0.28828297251598972
2024-08-06,0.20450782476812132,0,-0.29999999999999999,-0.20000000000000001,0,0.29549217523187865
2024-08-07,0.21206803422633325,-0.17092736854786633,-0.28880645612287698,-0.040266175329256658,0,0.28793196577366675
2024-08-08,0.29999999999999999,-0.16986327408282448,-0.2907794587952896,-0.039357267121885912,0,0.20000000000000001
2024-08-09,0.20000000000000001,-0.2865676748050236,-0.17279839417949083,-0.040633931015485646,0,0.29999999999999999
2024-08-12,0.20000000000000001,-0.18350474273272221,-0.26901482325869719,-0.047480434008580624,0,0.29999999999999999
2024-08-13,0.057075438498760671,-0.29341692565797323,-0.15574835929683312,-0.050834715045193622,0.16380841138304994,0.27911615011818941
2024-08-14,0,-0.29999999999999999,-0.20000000000000001,0,0.20000000000000001,0.29999999999999999
2024-08-15,0,-0.29999999999999999,-0.20000000000000001,0,0.20000000000000001,0.29999999999999999
2024-08-16,0,-0.20795230513061402,-0.29204769486938598,0,0.20000000000000001,0.29999999999999999
2024-08-19,-0.19644295586191102,-0.058286958800733257,-0.24527008533735575,0,0.20000000000000001,0.29999999999999999
2024-08-20,-0.067339582587477367,-0.28513317629830187,-0.14752724111422072,0,0.20000000000000001,0.29999999999999999
2024-08-21,-0.063642606922914721,-0.16218932391798077,-0.27416806915910458,0,0.29999999999999999,0.20000000000000001
2024-08-22,-0.060780573597506743,-0.17057931960025349,-0.26864010680223976,0,0.20000000000000001,0.29999999999999999
2024-08-23,-0.056668715130516391,-0.18669416599112262,-0.25663711887836094,0,0.20000000000000001,0.29999999999999999
2024-08-26,-0.058423162416529208,-0.18132838373418378,-0.26024845384928702,0,0.20000000000000001,0.29999999999999999
2024-08-27,-0.062032541947895072,-0.19474055596300879,-0.24322690208909611,0,0.20000000000000001,0.29999999999999999
2024-08-28,-0.068587198692596926,-0.18708028415637307,-0.24433251715103002,0,0.20000000000000001,0.29999999999999999
2024-08-29,0,-0.21384389275789284,-0.28615610724210716,0,0.20000000000000001,0.29999999999999999
2024-08-30,0.16367350105872303,-0.21311134079883737,-0.28688865920116263,0,0.056045208568827103,0.28028129037244986
2024-09-02,0.26582757815549907,-0.20876723223663737,-0.29123276776336265,0,0.059449006085209533,0.17472341575929132
2024-09-03,0.26374837254836458,-0.21245908802764038,-0.28754091197235959,0,0.18204049221231383,0.05421113523932166
2024-09-04,0.26392805608720821,-0.2135265211561371,-0.28647347884386287,0,0.059393576459973924,0.17667836745281792
2024-09-05,0.29999999999999999,-0.2144356124576961,-0.2855643875423039,0,0,0.20000000000000001
2024-09-06,0.29999999999999999,-0.2080423005115849,-0.2919576994884151,0,0,0.20000000000000001
2024-09-09,0.20000000000000001,-0.20000000000000001,-0.29999999999999999,0,0,0.29999999999999999
2024-09-10,0.20000000000000001,-0.29999999999999999,-0.20000000000000001,0,0,0.29999999999999999
2024-09-11,0.050514183010478386,-0.29999999999999999,-0.20000000000000001,0,0.16827439580158066,0.2812114211879409
2024-09-12,0,-0.29999999999999999,-0.20000000000000001,0,0.20000000000000001,0.29999999999999999
2024-09-13,0,-0.29999999999999999,-0.20000000000000001,0,0.29999999999999999,0.20000000000000001
2024-09-16,-0.27684994752690217,-0.060648527131597726,-0.16250152534150014,0,0.29999999999999999,0.20000000000000001
2024-09-17,-0.2729081671828405,-0.06456466734698027,-0.16252716547017929,0,0.29999999999999999,0.20000000000000001
2024-09-18,-0.26753671823980807,-0.18716604968410752,-0.045297232076084382,0.1653394192825311,0.28152292769804738,0.05313765301942161
2024-09-19,-0.29999999999999999,-0.20000000000000001,0.1557060310495583,0.055443239314523517,0.28885072963591812,0
2024-09-20,-0.29999999999999999,-0.20000000000000001,0.16242658580599956,0.055853043186042485,0.28172037100795799,0
2024-09-23,-0.29948587762453233,-0.20051412237546767,0.16270443266091991,0.05772402123282061,0.27957154610625956,0
2024-09-24,-0.29999999999999999,-0.20000000000000001,0.18233975151744095,0.053894315086514009,0.26376593339604509,0
2024-09-25,-0.20000000000000001,-0.29999999999999999,0.18230412552012526,0.055413132551326759,0.262282741928548,0
2024-09-26,-0.20000000000000001,-0.29999999999999999,0.184302526075419,0.052450110878029546,0.26324736304655144,0
2024-09-27,-0.20000000000000001,-0.29999999999999999,0.19843554747389031,0.24883075520491016,0.052733697321199514,0
2024-09-30,-0.20000000000000001,-0.29999999999999999,0.29999999999999999,0.1501176438055517,0.049882356194448287,0
2024-10-01,-0.20000000000000001,-0.29999999999999999,0.29999999999999999,0.051216080132107836,0.14878391986789216,0
2024-10-02,-0.20954826904490481,-0.29045173095509519,0,0.058041185557464486,0.2772164493844147,0.16474236505812076
2024-10-03,-0.21224043417631205,-0.28775956582368789,0,0.29999999999999999,0.20000000000000001,0
2024-10-04,-0.21143336038830754,-0.28856663961169249,0,0.27579254982024248,0.057156533814635091,0.16705091636512245
2024-10-07,-0.21694323972890361,-0.28305676027109639,0,0.28813320339388432,0.057963979790245694,0.15390281681587004
2024-10-08,-0.21783434428706352,-0.28216565571293645,0,0.29167407639925591,0.057674440665744217,0.15065148293499986
2024-10-09,-0.29999999999999999,-0.20000000000000001,0,0.29252055797459986,0.055629494808154427,0.15184994721724568
2024-10-10,-0.29422958020558598,-0.045961428322702058,-0.1598089914717119,0.16366760033161076,0.057668960858890388,0.27866343880949884
2024-10-11,-0.27856768080580785,0,-0.055256440507881421,0.2003545919034766,-0.16617587868631073,0.29964540809652335
2024-10-14,-0.28043511362516382,0.16878779082816017,-0.057384497693135993,0.063694866297539399,-0.1621803886817002,0.2675173428743004
2024-10-15,-0.1709985029704929,0.16483117677796638,-0.057835848165022366,0.062685006175779073,-0.27116564886448474,0.27248381704625446
2024-10-16,-0.20000000000000001,0.29999999999999999,0,0,-0.29999999999999999,0.20000000000000001
2024-10-17,0.20300812415397254,0,-0.21299201888681352,0,-0.28700798111318648,0.29699187584602749
2024-10-18,0.065016128148262159,0.2611453845137392,-0.071064789578552792,-0.16551933172086902,-0.26341587870057814,0.17383848733799862
2024-10-21,0.29999999999999999,0.20000000000000001,0,-0.20000000000000001,-0.29999999999999999,0
2024-10-22,0.060154865478713404,0.13984513452128658,0.29999999999999999,-0.056886699989194107,-0.29761064325640241,-0.14550265675440352
2024-10-23,0.060284504493221806,0.1397154955067782,0.29999999999999999,-0.056788967334954893,-0.29532951261740364,-0.14788152004764143
2024-10-24,0,0.045312152358281357,0.29999999999999999,0.15468784764171867,-0.29999999999999999,-0.20000000000000001
2024-10-25,0,0.045786600077356979,0.18036645262689521,0.27384694729574777,-0.29999999999999999,-0.20000000000000001
2024-10-28,0,0.15909219606897465,0.061683839933153392,0.27922396399787192,-0.29999999999999999,-0.20000000000000001
2024-10-29,0,0.15648276944599418,0.062446326266265867,0.28107090428773995,-0.29999999999999999,-0.20000000000000001
2024-10-30,0,0.16271414763450659,0.061385754050121449,0.27590009831537199,-0.29999999999999999,-0.20000000000000001
2024-10-31,0,0.050556796394536779,0.17757029594724877,0.27187290765821448,-0.21223382254766632,-0.28776617745233363
2024-11-01,0,0.04855331361832585,0.18430434429109199,0.26714234209058219,-0.29999999999999999,-0.20000000000000001
2024-11-04,0,0.05016209006316398,0.17546787695526986,0.2743700329815662,-0.29999999999999999,-0.20000000000000001
2024-11-05,0,0.20000000000000001,0,0.29999999999999999,-0.29999999999999999,-0.20000000000000001
2024-11-06,0.29999999999999999,0,0,0.20000000000000001,-0.29999999999999999,-0.20000000000000001
2024-11-07,0.29999999999999999,0,0.20000000000000001,-0.20000000000000001,-0.29999999999999999,0
2024-11-08,0.29999999999999999,0.20000000000000001,-0.16578302322760227,-0.053252032920046717,-0.28096494385235099,0
2024-11-11,0.28358879699451023,-0.15659545147953194,-0.28070928639016196,0,-0.062695262130306115,0.21641120300548972
2024-11-12,0.28315263545583097,0,-0.29780912111282232,0,-0.20219087888717768,0.21684736454416903
2024-11-13,0.2921847419455329,0,-0.29912467764696615,0,-0.20087532235303382,0.20781525805446707
2024-11-14,0.28597716918091071,0,-0.20000000000000001,0,-0.29999999999999999,0.21402283081908929
2024-11-15,0.27553977808388974,0,-0.28903578588977485,0,-0.21096421411022517,0.22446022191611029
2024-11-18,0.20000000000000001,0,-0.29575444054751387,0,-0.20424555945248618,0.29999999999999999
2024-11-19,0.20332572694597806,0,-0.16837142822460585,-0.26862697356456999,-0.063001598210824086,0.29667427305402189
2024-11-20,0.063723819479145502,0.15559406172777246,-0.27638420562623445,-0.16231581090113234,-0.061299983472633206,0.28068211879308208
2024-11-21,0.065069345069221213,0.15821099838567912,-0.27125886870266025,-0.16584731328234531,-0.062893818014994371,0.27671965654509967
2024-11-22,0,0.20000000000000001,-0.29999999999999999,-0.20000000000000001,0,0.29999999999999999
2024-11-25,0,0.20000000000000001,-0.20000000000000001,-0.29999999999999999,0,0.29999999999999999
2024-11-26,0,0.20000000000000001,-0.20000000000000001,-0.29999999999999999,0,0.29999999999999999
2024-11-27,0.18179963643813921,0.046668057928461341,-0.20000000000000001,-0.29999999999999999,0,0.27153230563339942
2024-11-28,0,0.057806904610024593,-0.20000000000000001,-0.29999999999999999,0.14632927206936369,0.29586382332061173
2024-11-29,0,0.058165667556346709,-0.20000000000000001,-0.29999999999999999,0.15252956017888872,0.28930477226476459
2024-12-02,0,-0.29999999999999999,-0.048171352396972067,-0.15182864760302794,0.29999999999999999,0.20000000000000001
2024-12-03,0.19370842527701845,-0.19329124343728477,-0.25270493034663238,-0.054003826216082809,0.25442845122651697,0.051863123496464582
2024-12-04,0.20079749281377218,-0.29999999999999999,-0.20000000000000001,0,0.29920250718622787,0
2024-12-05,0.29999999999999999,-0.29999999999999999,0,-0.20000000000000001,0.20000000000000001,0
2024-12-06,0.29999999999999999,-0.29999999999999999,0,-0.20000000000000001,0.20000000000000001,0
2024-12-09,0.29999999999999999,-0.29667510263444585,0,-0.20332489736555412,0.20000000000000001,0
2024-12-10,0.20991059442506377,-0.29999999999999999,0,-0.20000000000000001,0.29008940557493623,0
2024-12-11,0.21122120834205274,-0.28380819278886615,0,-0.067463450742180478,0.28877879165794729,-0.14872835646895338
2024-12-12,0.29999999999999999,-0.29010012543627023,-0.15884922719694716,0,0.20000000000000001,-0.051050647366782595
2024-12-13,0.29999999999999999,-0.28388364892596946,-0.16630802065395467,0,0.20000000000000001,-0.049808330420075819
2024-12-16,0.29999999999999999,-0.27015595921831531,-0.16826940516912592,0,0.20000000000000001,-0.061574635612558729
2024-12-17,0.20000000000000001,-0.20000000000000001,-0.29999999999999999,0,0.29999999999999999,0
2024-12-18,0,-0.20000000000000001,-0.29999999999999999,0,0.29999999999999999,0.20000000000000001
2024-12-19,-0.21150751305598364,0,-0.28849248694401636,0.29999999999999999,0.20000000000000001,0
2024-12-20,0.21102188335389491,0.22617977892902175,-0.29999999999999999,0.062798337717083361,0,-0.20000000000000001
2024-12-23,0,0.20000000000000001,-0.29999999999999999,0.29999999999999999,-0.20000000000000001,0
2024-12-24,0,0.20000000000000001,-0.05383335513022465,0.29999999999999999,-0.27185398786779535,-0.17431265700197998
2024-12-25,0,0.23705118485970506,-0.20000000000000001,0.060092779527831035,-0.29999999999999999,0.20285603561246393
2024-12-26,-0.21745607609344711,0.24942079925592733,0.19364771585408344,0.05693148488998917,-0.28254392390655292,0
2024-12-27,0.2256289526562768,0.22004634764284128,-0.20000000000000001,0.054324699700881815,-0.29999999999999999,0
2024-12-30,0.21189978461334633,0.23146666555841094,-0.20000000000000001,0.056633549828242785,-0.29999999999999999,0
2024-12-31,0.29999999999999999,0.20000000000000001,-0.20000000000000001,0,-0.29999999999999999,0
2025-01-01,0.25662817154654893,0.24337182845345104,-0.20000000000000001,0,-0.29999999999999999,0
2025-01-02,0.29999999999999999,0.20000000000000001,-0.20000000000000001,0,-0.29999999999999999,0
2025-01-03,0.29999999999999999,0,-0.20000000000000001,0.20000000000000001,-0.29999999999999999,0
2025-01-06,0.29999999999999999,0,-0.20000000000000001,0.20000000000000001,-0.29999999999999999,0
2025-01-07,0.29999999999999999,0,-0.20000000000000001,0.20000000000000001,-0.29999999999999999,0
2025-01-08,0.29999999999999999,0.14550529935686074,-0.20000000000000001,0.054494700643139264,-0.29999999999999999,0
2025-01-09,0.29999999999999999,0.13959668804829659,-0.20000000000000001,0.060403311951703446,-0.29999999999999999,0
2025-01-10,0.29999999999999999,0.20000000000000001,-0.2713491438219372,-0.1740411613964705,-0.05460969478159234,0
2025-01-13,0.29999999999999999,0.047534112493499474,-0.27047411291984474,-0.17140438914006823,-0.058121497940087065,0.15246588750650056
2025-01-14,0.29999999999999999,0.042936867150772488,-0.29999999999999999,-0.20000000000000001,0.15706313284922754,0
2025-01-15,0.29999999999999999,-0.20000000000000001,0,-0.29999999999999999,0.20000000000000001,0
2025-01-16,0.29999999999999999,-0.047136358164827634,-0.16829053213502376,-0.2845731097001486,0.20000000000000001,0
2025-01-17,0.29999999999999999,-0.046272470474646929,-0.26728083768380656,-0.18644669184154644,0.20000000000000001,0
2025-01-20,0.29999999999999999,0,-0.28304652335965919,-0.21695347664034081,0.20000000000000001,0
2025-01-21,0.29999999999999999,0,-0.2772209397595734,-0.071186260034445031,0.20000000000000001,-0.15159280020598156
2025-01-22,0.20000000000000001,-0.2504880910920021,-0.17073731950553434,-0.078774589402463513,0.29999999999999999,0
2025-01-23,0.20000000000000001,-0.2409153413639524,-0.16947616163250415,-0.089608497003543452,0.29999999999999999,0
2025-01-24,0.29999999999999999,-0.25369310611801593,0,-0.089917947620280284,0.20000000000000001,-0.1563889462617038
2025-01-27,0.29999999999999999,-0.25441887497462173,0,-0.089240616157594405,0.20000000000000001,-0.15634050886778386
2025-01-28,0.29999999999999999,-0.21471827371588886,0,-0.23616608581085313,0.20000000000000001,-0.04911564047325806
2025-01-29,0.28276396978699037,-0.25006259505497475,0.15509143719132268,-0.088713149158965221,0.062144593021686928,-0.16122425578605998
2025-01-30,0.052387193906461765,-0.22249637364382027,0.24318399136749083,-0.22923524397726361,0.20442881472604738,-0.048268382378916078
2025-01-31,-0.18848495459403142,-0.2563354703207551,0.2662876377282733,0,0.2337123622717267,-0.055179575085213511
2025-02-03,-0.21239926728940053,-0.28760073271059949,0.20000000000000001,0,0.29999999999999999,0
2025-02-04,-0.059158873209415819,-0.23718071417822159,0.20000000000000001,-0.20366041261236262,0.29999999999999999,0
2025-02-05,0,-0.28481212944851719,0.20000000000000001,-0.21518787055148275,0.29999999999999999,0
2025-02-06,-0.29999999999999999,-0.20000000000000001,0.2497442567779391,0.16477574885395604,0.085479994368104842,0
2025-02-07,-0.29999999999999999,0,0,-0.20000000000000001,0.21600936192496223,0.28399063807503777
2025-02-10,-0.20000000000000001,0.29999999999999999,0,0.20000000000000001,-0.29999999999999999,0
2025-02-11,-0.20000000000000001,0,0.20000000000000001,0.29999999999999999,0,-0.29999999999999999
2025-02-12,0.20349211197554745,0,-0.20000000000000001,0.29650788802445255,0,-0.29999999999999999
2025-02-13,0.20000000000000001,0,-0.20000000000000001,0.29999999999999999,0,-0.29999999999999999
2025-02-14,0.20328101384956435,0,-0.29999999999999999,0.29671898615043568,0,-0.20000000000000001
2025-02-17,0.20709679430293093,0,0,0.29290320569706912,-0.29999999999999999,-0.20000000000000001
2025-02-18,0.21138084786062517,-0.18194597643506596,0,0.28861915213937483,-0.075072245399657289,-0.24298177816527677
2025-02-19,0.21296464285716768,0,0,0.28703535714283235,-0.2467855706122212,-0.25321442938777877
2025-02-20,0.20832748227279488,-0.1859474778351323,0,0.29167251772720509,-0.073287038783022659,-0.24076548338184506
2025-02-21,0.21881666349438644,-0.065927405011387413,0,0.28118333650561361,-0.20744020969090599,-0.2266323852977066
2025-02-24,0.059412631419558562,-0.065219706043192105,-0.18543741426512167,0.22687359667701382,0.21371377190342761,-0.2493428796916862
2025-02-25,0.05809931407510105,-0.065220047033147391,-0.19030400134842662,0.22912586181283515,0.2127748241120638,-0.24447595161842597
2025-02-26,-0.14672673062310368,-0.054264470595925186,-0.29900879878097114,0.23990808420367557,0.26009191579632446,0
2025-02-27,-0.24384295065934633,-0.056293381842221775,-0.19986366749843193,0.24009459116260878,0.25990540883739122,0
2025-02-28,-0.27608443932732607,0.20932256459094239,-0.22391556067267396,0.21576065951570866,0.074916775893348955,0
2025-03-03,-0.26280342815137531,0,-0.23719657184862472,0.20000000000000001,0.29999999999999999,0
2025-03-04,-0.29383281679997919,0,-0.07975945880690638,0.20000000000000001,0.29999999999999999,-0.12640772439311443
2025-03-05,-0.29999999999999999,-0.20000000000000001,0,0,0.29999999999999999,0.20000000000000001
2025-03-06,-0.29626484598815678,-0.20373515401184328,0.21268502335740969,0,0.067714487067633,0.21960048957495729
2025-03-07,-0.29999999999999999,0,0,-0.20000000000000001,0.2373782559337124,0.26262174406628758
2025-03-10,-0.29999999999999999,0.28334459310560561,0,-0.20000000000000001,0.17844938847525146,0.038206018419142847
2025-03-11,-0.29999999999999999,0.20294410491376361,0,-0.20000000000000001,0.065052575262093917,0.23200331982414243
2025-03-12,-0.29999999999999999,0.29972830520865107,0.20027169479134896,0,-0.20000000000000001,0
2025-03-13,-0.21704630387558341,0.27080467928251323,0.063306412860213851,0.16588890785727289,-0.06018570719567054,-0.22276798892874605
2025-03-14,-0.23746926280445527,0.29999999999999999,0,0.20000000000000001,0,-0.26253073719554471
2025-03-17,-0.29999999999999999,0.29999999999999999,0,0.20000000000000001,0,-0.20000000000000001
2025-03-18,-0.17239134072635784,0.29999999999999999,-0.28657200575572528,0.20000000000000001,0,-0.041036653517916938
2025-03-19,0,0.29999999999999999,-0.29999999999999999,0,0.20000000000000001,-0.20000000000000001
2025-03-20,0,0.20000000000000001,-0.29999999999999999,0,0.29999999999999999,-0.20000000000000001
2025-03-21,0,0.20000000000000001,-0.21678702332382763,0,0.29999999999999999,-0.2832129766761724
2025-03-24,0,0.20000000000000001,-0.29999999999999999,0,0.29999999999999999,-0.20000000000000001
2025-03-25,0,0.20000000000000001,-0.21861130315706476,0,0.29999999999999999,-0.28138869684293527
2025-03-26,0,0.20000000000000001,-0.2851222568782239,-0.21487774312177615,0.29999999999999999,0
2025-03-27,0.2123161495386833,0,-0.20000000000000001,-0.29999999999999999,0.28768385046131678,0
2025-03-28,0.20000000000000001,-0.23230822152774849,-0.055172984467622102,-0.21251879400462934,0.29999999999999999,0
2025-03-31,0.20175934865308029,-0.27291862047632437,0,-0.070793533202930414,0.29824065134691974,-0.15628784632074519
2025-04-01,0.2060279856147707,-0.28847715152284387,0,-0.21152284847715616,0.29397201438522924,0
2025-04-02,0.051858068726805776,-0.054722397118663703,-0.29999999999999999,0.19167477517191253,0.25646715610128168,-0.14527760288133634
2025-04-03,0.15544570524819151,-0.053407040086625793,-0.29999999999999999,0.065612533326623479,0.27894176142518501,-0.14659295991337423
2025-04-04,-0.2606290852614358,0,-0.071681897820447774,0.21635795113064105,0.2836420488693589,-0.16768901691811644
2025-04-07,-0.14692736364893572,0,-0.067323322081698597,0.22005811687703483,0.27994188312296514,-0.28574931426936567
2025-04-08,0,0,-0.29999999999999999,0.20578288843129411,0.29421711156870584,-0.20000000000000001
2025-04-09,-0.14247746477924236,0.16224253990043702,-0.29999999999999999,0.061079755581112845,0.27667770451845008,-0.05752253522075762
2025-04-10,-0.26199893889935433,0.20000000000000001,-0.23800106110064567,0,0.29999999999999999,0
2025-04-11,-0.23507015712265264,0.29999999999999999,-0.066083519302551463,-0.1988463235747959,0.20000000000000001,0
2025-04-14,-0.13534739818942423,0.29999999999999999,-0.064652601810575777,-0.29999999999999999,0.20000000000000001,0
2025-04-15,-0.26476034341130616,0.2934132215979216,0.20658677840207842,-0.23523965658869378,0,0
2025-04-16,-0.20000000000000001,0.20000000000000001,0.29999999999999999,-0.29999999999999999,0,0
2025-04-17,-0.25564487259902419,0.16268597723907502,0.05314934210679622,-0.055448336052161984,-0.18890679134881383,0.28416468065412875
2025-04-18,-0.27941397729995143,0.29999999999999999,0.20000000000000001,0,-0.2205860227000486,0
2025-04-21,-0.2451840113042896,0.29116949855105811,0.061580111825168087,0.14725038962377376,-0.066584850711716909,-0.18823113798399352
2025-04-22,-0.23579457411402607,0.1796624632143197,0.063065108040021148,0.25727242874565909,-0.20493132215851656,-0.059274103727457367
2025-04-23,-0.23999706114272995,0.17833774521483636,0.063508370808251419,0.2581538839769123,-0.20086032044870308,-0.059142618408566862
2025-04-24,-0.24495589156350447,0.18129377102257832,0.066083608822860962,0.25262262015456066,-0.19690300501001079,-0.058141103426484708
2025-04-25,-0.28603312694920685,0.22043899748419485,0,0.27956100251580512,-0.21396687305079315,0
2025-04-28,-0.28465148469973073,0.20902991749517252,0,0.29097008250482748,-0.21534851530026927,0
2025-04-29,-0.28366674677940135,0.20387029104859244,0,0.29612970895140756,-0.21633325322059865,0
2025-04-30,-0.26330497832319077,0.20000000000000001,-0.2366950216768092,0.29999999999999999,0,0
2025-05-01,-0.26030824096293242,0.29999999999999999,-0.073434328514797489,0.20000000000000001,0,-0.16625743052227013
2025-05-02,-0.26743213104559632,0.29999999999999999,-0.23256786895440365,0.20000000000000001,0,0
2025-05-05,-0.27409153619168192,0.29999999999999999,-0.22590846380831803,0.20000000000000001,0,0
2025-05-06,-0.25431008651930714,0.29999999999999999,-0.071009083215136923,0.20000000000000001,-0.17468083026555592,0
2025-05-07,-0.27536299542606768,0.26622157811983205,0.18623091564243471,0.047547506237733274,-0.063874765662798538,-0.16076223891113375
2025-05-08,-0.29999999999999999,0.27184286173689048,0.057556514356977895,0,0.17060062390613162,-0.20000000000000001
2025-05-09,-0.29999999999999999,0.054389094941405793,0.27715910317374731,0,0.16845180188484687,-0.20000000000000001
2025-05-12,-0.29999999999999999,0,0.20000000000000001,0,0.29999999999999999,-0.20000000000000001
2025-05-13,-0.29999999999999999,0,0.20000000000000001,0,0.29999999999999999,-0.20000000000000001
2025-05-14,-0.17674200043472268,0,0.20000000000000001,-0.26665830277230207,0.29999999999999999,-0.056599696792975322
2025-05-15,-0.055456678503557656,0,0.20000000000000001,-0.28976975647771963,0.29999999999999999,-0.15477356501872278
2025-05-16,-0.053114257695721825,0,0.20000000000000001,-0.28789960965476952,0.29999999999999999,-0.15898613264950867
2025-05-19,0.14670686480553302,0.29224887954976192,0.061044255644705094,-0.28712214990035562,-0.16072663363933204,-0.052151216460312351
2025-05-20,0.23082829423460832,0.20339610071033914,0.065775605055052491,-0.28737542804106564,-0.053844128184223461,-0.1587804437747109
2025-05-21,0.2583556209090071,0.2416443790909929,0,-0.29999999999999999,0,-0.20000000000000001
2025-05-22,0.25452714844032998,0.24547285155967005,0,-0.29999999999999999,0,-0.20000000000000001
2025-05-23,0.25937572404776299,0.24062427595223698,-0.14967693359314541,-0.29796235353227496,0,-0.052360712874579544
2025-05-26,0.2312698876191672,0.26873011238083283,-0.20000000000000001,-0.29999999999999999,0,0
2025-05-27,0.20000000000000001,0.29999999999999999,-0.20000000000000001,-0.29999999999999999,0,0
2025-05-28,0.20000000000000001,0.29999999999999999,-0.26948070809202501,-0.23051929190797499,0,0
2025-05-29,0.20000000000000001,0.29999999999999999,-0.20000000000000001,-0.29999999999999999,0,0
2025-05-30,0.29317983570519762,0.20682016429480238,-0.20000000000000001,-0.29999999999999999,0,0
2025-06-02,0.29999999999999999,0.20000000000000001,-0.20000000000000001,-0.29999999999999999,0,0
2025-06-03,0.20000000000000001,0.29999999999999999,-0.20000000000000001,-0.29999999999999999,0,0
2025-06-04,0,0.29999999999999999,-0.28083318465294804,-0.21916681534705196,0.20000000000000001,0
2025-06-05,0,0.060288761604108093,-0.20000000000000001,-0.29999999999999999,0.27209072778671017,0.16762051060918176
2025-06-06,0.16033885015145297,-0.17477236902685048,-0.26123627310282826,-0.06399135787032123,0.057722056243090708,0.28193909360545627
2025-06-09,-0.16583304672811724,-0.06160335718610039,-0.2725635960857824,0,0.29999999999999999,0.20000000000000001
2025-06-10,-0.20000000000000001,0,-0.29999999999999999,0,0.29999999999999999,0.20000000000000001
2025-06-11,-0.060285635025076889,-0.26820487045987068,-0.17150949451505246,0.19249926188358446,0.057183715062179709,0.25031702305423581
2025-06-12,-0.061037274482311908,-0.27076324892073766,-0.16819947659695042,0.064593595220354613,0.17113926223761672,0.26426714254202865
2025-06-13,-0.061429497504777122,-0.27431692292878179,-0.16425357956644107,0.18948147921182706,0.05486474130488906,0.25565377948328388
2025-06-16,0,-0.29999999999999999,-0.20000000000000001,0,0.21855854979289191,0.28144145020710809
2025-06-17,0.17274843045963256,-0.29999999999999999,-0.20000000000000001,0,0.066535442954658103,0.26071612658570936
2025-06-18,0,-0.27837360972792008,0,-0.22162639027207989,0.22340164809589688,0.27659835190410315
2025-06-19,0,-0.27352846740859621,-0.1563716191897839,-0.070099913401619918,0.29999999999999999,0.20000000000000001
2025-06-20,0,-0.27716653048090267,0.14623861016367165,-0.22283346951909735,0.29999999999999999,0.053761389836328347
2025-06-23,0,-0.26553034292310251,0.14952030607066941,-0.23446965707689749,0.29686975718649095,0.053609936742839634
2025-06-24,0,-0.27080183972715316,0.14653070329340653,-0.22919816027284687,0.29999999999999999,0.053469296706593498
2025-06-25,0,-0.049727123631731929,0.2886745946915022,-0.29999999999999999,0.21132540530849778,-0.15027287636826811
2025-06-26,-0.16498535847083873,-0.057332501834860834,0.20000000000000001,0,0.29999999999999999,-0.27768213969430039
2025-06-27,-0.20000000000000001,0.20000000000000001,0,0,0.29999999999999999,-0.29999999999999999
2025-06-30,-0.20000000000000001,0.045851162314135489,0,0.17665099952799285,0.27749783815787166,-0.29999999999999999
2025-07-01,-0.20000000000000001,0.045500247467423573,0,0.17189633240151464,0.28260342013106182,-0.29999999999999999
2025-07-02,-0.20000000000000001,0.047643379355662104,0,0.28377652098039952,0.16858009966393839,-0.29999999999999999
2025-07-03,-0.059373296734322352,0.14859416132230036,-0.18349523335687795,0.29253566237781575,0.058870176299883892,-0.25713146990879976
2025-07-04,-0.17333227167463119,0.15320994677590441,-0.067052031443963489,0.28935068510893408,0.057439368115161496,-0.25961569688140534
2025-07-07,-0.05874675273041309,-0.16113987684317124,0,0.29999999999999999,0.20000000000000001,-0.28011337042641565
2025-07-08,-0.05889094962043185,-0.16753940890814364,0,0.29999999999999999,0.20000000000000001,-0.27356964147142449
2025-07-09,-0.27349694984688272,-0.17652337465184431,0,0.20158028172779799,0.29841971827220204,-0.049979675501272934
2025-07-10,-0.27048854392133187,-0.18091984094602293,0.17965414410310274,0.059433116274922843,0.26091273962197442,-0.048591615132645205
2025-07-11,-0.29999999999999999,-0.20000000000000001,0.29999999999999999,0,0.20000000000000001,0
2025-07-14,-0.29999999999999999,0.20000000000000001,0.29999999999999999,-0.20000000000000001,0,0
2025-07-15,-0.29999999999999999,0.20000000000000001,0.29999999999999999,-0.20000000000000001,0,0
2025-07-16,-0.29999999999999999,0.055409086176401175,0.29373529558187772,-0.20000000000000001,0.15085561824172106,0
2025-07-17,-0.28670629968365341,0.053319056415825523,0.28357510168269856,-0.058016051143946694,0.16310584190147592,-0.15527764917239997
2025-07-18,-0.28169550593072024,0.054627018074056309,0.28496606857022039,-0.06107218020120584,0.1604069133557233,-0.15723231386807388
2025-07-21,-0.27694160411058649,0.05337378892137494,0.28944287285377523,-0.058311160577548302,0.15718333822484978,-0.16474723531186522
2025-07-22,-0.27369905603774158,0.055200785216076076,0.29995446976875828,-0.058098294065574117,0.14484474501516564,-0.16820264989668426
2025-07-23,-0.29999999999999999,0,0.29999999999999999,0,0.20000000000000001,-0.20000000000000001
2025-07-24,-0.29999999999999999,0,0.29999999999999999,0,0.20000000000000001,-0.20000000000000001
2025-07-25,-0.29999999999999999,0,0.29999999999999999,0,0.20000000000000001,-0.20000000000000001
2025-07-28,-0.29193739347834613,-0.15979702671569762,0.17204930950070335,0.28593552959863799,0.042015160900658627,-0.048265579805956256
2025-07-29,-0.29999999999999999,-0.14996564393763823,0.29244459146395629,0.16820886933442247,0.039346539201621247,-0.050034356062361784
2025-07-30,-0.29999999999999999,-0.20000000000000001,0.20000000000000001,0.29999999999999999,0,0
2025-07-31,-0.29999999999999999,-0.057822915829642267,0.29999999999999999,0.20000000000000001,-0.14217708417035774,0
2025-08-01,-0.29999999999999999,0.1325051867724569,0.29999999999999999,0.067494813227543068,-0.042464839409122018,-0.15753516059087799
2025-08-04,-0.29999999999999999,0.040191842295941221,0.18135433703799111,0.27845382066606761,-0.041133167358638631,-0.15886683264136137
2025-08-05,-0.20760280038465304,0.23244982480400506,0.20607172587382946,0.061478449322165452,-0.23321802881526663,-0.059179170800080338
2025-08-06,-0.22925436152742976,0.04144229729427832,0,0.16511069087214467,-0.27074563847257027,0.29344701183357708
2025-08-07,-0.22827553791799879,0.27038360256752708,0,0.22961639743247289,-0.27172446208200118,0
2025-08-08,-0.22971479309512083,0.23784826581016394,0.20119986675305496,0.060951867436781146,-0.27028520690487912,0
2025-08-11,0,0.27748759407132162,0.22251240592867841,0,-0.20000000000000001,-0.29999999999999999
