timestamp,split,regime,rank_ic_h1,pearson_ic_h1,rank_ic_h5,pearson_ic_h5,rank_ic_h10,pearson_ic_h10
2024-01-02,train,unavailable,,,,,,
2024-01-03,train,unavailable,,,,,,
2024-01-04,train,unavailable,,,,,,
2024-01-05,train,unavailable,,,,,,
2024-01-08,train,unavailable,,,,,,
2024-01-09,train,unavailable,,,,,,
2024-01-10,train,unavailable,,,,,,
2024-01-11,train,unavailable,,,,,,
2024-01-12,train,unavailable,,,,,,
2024-01-15,train,unavailable,,,,,,
2024-01-16,train,unavailable,-0.65714285714285725,-0.85775105615719882,-0.59999999999999998,-0.87317135801787571,-0.25714285714285717,-0.49394128387276259
2024-01-17,train,unavailable,0.48571428571428577,0.24114713299136073,-0.54285714285714293,-0.59212633335193077,-0.20000000000000001,-0.24194551097835626
2024-01-18,train,unavailable,-0.48571428571428577,-0.51593273932780814,-0.48571428571428577,-0.57284991385478068,-0.25714285714285717,-0.45833649010831173
2024-01-19,train,unavailable,-0.31428571428571428,-0.014533567491814794,-0.65714285714285725,-0.35032826333390649,0.085714285714285729,-0.13963508612967102
2024-01-22,train,unavailable,-0.59999999999999998,-0.63904938447137816,-0.3714285714285715,-0.58565235528974846,0.3714285714285715,0.12609535820868387
2024-01-23,train,unavailable,-0.7142857142857143,-0.59711014406766116,-0.54285714285714293,-0.50998466642135065,0.65714285714285725,0.62519027526187554
2024-01-24,train,unavailable,0.3714285714285715,0.097427241601458284,0.94285714285714295,0.66739173317022793,0.82857142857142874,0.83204146027397285
2024-01-25,train,unavailable,0.20000000000000001,0.082324173151894206,0.7142857142857143,0.64275420503537661,0.59999999999999998,0.74945130106658053
2024-01-26,train,unavailable,-0.3714285714285715,-0.41487084210630853,-0.085714285714285729,-0.11517344258025765,0.31428571428571428,0.49996804752008273
2024-01-29,train,unavailable,-0.48571428571428577,-0.70758097249757523,0.7142857142857143,0.73072160088429383,0.88571428571428579,0.85460776893853696
2024-01-30,train,unavailable,0.59999999999999998,0.64381547563558361,0.59999999999999998,0.37902845770141169,0.59999999999999998,0.52589086472444002
2024-01-31,train,unavailable,-0.028571428571428574,0.12401203962164854,0.59999999999999998,0.35951995652921737,0.20000000000000001,0.1570499663923047
2024-02-01,train,unavailable,-0.25714285714285717,-0.23217493692410821,0.65714285714285725,0.47408525899932108,0.54285714285714293,0.64673751725920581
2024-02-02,train,unavailable,0.3714285714285715,0.40913012619789835,0.31428571428571428,0.2738461757659405,0.14285714285714288,0.4045606767993411
2024-02-05,train,unavailable,-0.25714285714285717,-0.055560469809078618,0.48571428571428577,0.46693218571691686,0.3714285714285715,0.43005358895134221
2024-02-06,train,unavailable,0.31428571428571428,0.53587523952888005,-0.085714285714285729,0.0029505202625952115,-0.20000000000000001,0.10328502894273628
2024-02-07,train,unavailable,-0.31428571428571428,-0.11979947369037049,0.028571428571428574,-0.088169314293324488,-0.3714285714285715,-0.2836840915891754
2024-02-08,train,unavailable,0.085714285714285729,0.11049788774540642,0.085714285714285729,-0.1171056160076286,-0.3714285714285715,-0.32815160478650168
2024-02-09,train,unavailable,-0.25714285714285717,0.010887182423918782,-0.20000000000000001,-0.22869412613547124,-0.14285714285714288,-0.38567242897751891
2024-02-12,train,unavailable,-0.54285714285714293,-0.62798959445234925,-0.085714285714285729,-0.08848996101855805,-0.82857142857142874,-0.61420747124072694
2024-02-13,train,unavailable,0.7142857142857143,0.81516504154850344,0.54285714285714293,0.74602541225402552,-0.25714285714285717,-0.01943745734757148
2024-02-14,train,unavailable,0.77142857142857146,0.4566425321173993,-0.085714285714285729,-0.24466367702025074,-0.82857142857142874,-0.7352145568023688
2024-02-15,train,unavailable,-0.14285714285714288,-0.076811905893011373,-0.77142857142857146,-0.59135691302965288,-0.82857142857142874,-0.82463226849174276
2024-02-16,train,unavailable,-0.31428571428571428,-0.4707252228631823,-0.94285714285714295,-0.89598802324743776,-0.54285714285714293,-0.66259892323910086
2024-02-19,train,unavailable,-0.085714285714285729,0.13833758106806621,-0.82857142857142874,-0.83571419663824731,-0.3714285714285715,-0.4752537448127932
2024-02-20,train,unavailable,0.085714285714285729,-0.3916426393918751,-0.77142857142857146,-0.7444076737764439,-0.59999999999999998,-0.58002780361387429
2024-02-21,train,unavailable,-0.028571428571428574,-0.29874335939523877,-0.54285714285714293,-0.65605010266139097,-0.48571428571428577,-0.43647395032990333
2024-02-22,train,unavailable,-0.54285714285714293,-0.43718664211212305,-0.25714285714285717,-0.48821079220815011,-0.59999999999999998,-0.64336639144451224
2024-02-23,train,unavailable,-0.25714285714285717,-0.20120288401304129,-0.59999999999999998,-0.52837532174360147,-0.4285714285714286,-0.28040576022246905
2024-02-26,train,unavailable,0.028571428571428574,0.2252012208896404,-0.085714285714285729,-0.050325027228798024,0.14285714285714288,0.078684409599248703
2024-02-27,train,up-calm,-0.14285714285714288,-0.3116406515604096,0.48571428571428577,0.32687406817868259,0.4285714285714286,0.24960922702511837
2024-02-28,train,up-stressed,0.48571428571428577,0.19881659920738112,0.3714285714285715,0.23067587978423326,0.25714285714285717,0.27527524236696727
2024-02-29,train,up-stressed,-0.14285714285714288,-0.52559972005971001,0.14285714285714288,0.086076714915018629,0.25714285714285717,0.43862756543456294
2024-03-01,train,up-stressed,0.54285714285714293,0.53475492518893375,0.31428571428571428,0.46776174702686824,-0.31428571428571428,0.069167933956415434
2024-03-04,train,up-stressed,0.77142857142857146,0.63964575549076941,-0.31428571428571428,-0.31660331380265833,-0.25714285714285717,-0.21472584063137767
2024-03-05,train,up-stressed,-0.4285714285714286,-0.42530024074983214,-0.7142857142857143,-0.69620688952947518,-0.25714285714285717,-0.53994753152032859
2024-03-06,train,up-stressed,-0.085714285714285729,-0.15871531014143009,-0.7142857142857143,-0.71852118810542398,-0.3714285714285715,-0.3413969876380652
2024-03-07,train,up-stressed,-0.59999999999999998,-0.74264261956311306,-0.7142857142857143,-0.73832915199004001,-0.31428571428571428,-0.20036053440065982
2024-03-08,train,up-stressed,-0.54285714285714293,-0.5030030325870225,-0.3714285714285715,-0.58720848911136292,0.7142857142857143,0.59042205558550331
2024-03-11,train,up-stressed,-0.31428571428571428,-0.068419850851746164,-0.4285714285714286,-0.04865413380767155,0.65714285714285725,0.78450767780435848
2024-03-12,train,up-stressed,-0.14285714285714288,-0.12955066215693559,-0.31428571428571428,-0.16193059593738249,0.54285714285714293,0.80618115334618867
2024-03-13,train,up-stressed,-0.085714285714285729,-0.082617787390258574,0.028571428571428574,-0.23189807280422745,0.88571428571428579,0.76433466085242308
2024-03-14,train,up-stressed,0.085714285714285729,0.097261929008765263,-0.14285714285714288,-0.28336231818074187,0.65714285714285725,0.37191063861040136
2024-03-15,train,up-stressed,-0.54285714285714293,-0.56837378644777392,-0.4285714285714286,-0.34681247305427759,-0.085714285714285729,0.19391497040137354
2024-03-18,train,up-stressed,0.085714285714285729,-0.23275702162782963,0.085714285714285729,0.063599803260326354,0.7142857142857143,0.79679959442518811
2024-03-19,train,up-stressed,-0.59999999999999998,-0.59427245267450091,0.085714285714285729,0.068363190269465426,0.82857142857142874,0.86545154016608861
2024-03-20,train,up-stressed,-0.028571428571428574,0.017523292359091933,0.48571428571428577,0.28687033514197424,0.94285714285714295,0.75842846008760645
2024-03-21,train,up-stressed,0.085714285714285729,0.036956960859430572,0.77142857142857146,0.59458199103965115,0.7142857142857143,0.68156555787138384
2024-03-22,train,up-stressed,-0.028571428571428574,0.37241327268062951,0.31428571428571428,0.52922091866585796,0.085714285714285729,0.41653985786473524
2024-03-25,train,up-calm,0.14285714285714288,0.074854745398919856,-0.25714285714285717,-0.095807904660711013,0.4285714285714286,0.34070785486656818
2024-03-26,train,up-calm,0.54285714285714293,0.58418126553665362,-0.14285714285714288,-0.21353802235417457,0.31428571428571428,0.28654087874521217
2024-03-27,train,up-calm,0.31428571428571428,0.33431236522404534,-0.31428571428571428,-0.15634029875263741,0.085714285714285729,0.25559448001182195
2024-03-28,train,up-calm,-0.20000000000000001,-0.38482446762818057,-0.14285714285714288,-0.31979516131067393,0.14285714285714288,-0.00031918628355933525
2024-03-29,train,up-calm,-0.54285714285714293,-0.73309044715084937,-0.25714285714285717,0.06200537983323335,-0.20000000000000001,-0.18888448727651438
2024-04-01,train,up-calm,-0.25714285714285717,-0.016932552933131267,0.48571428571428577,0.45937534150961418,0.7142857142857143,0.71277366619804539
2024-04-02,train,up-calm,0.94285714285714295,0.92814117871421609,0.94285714285714295,0.90043624088109042,0.88571428571428579,0.6340503921856474
2024-04-03,train,up-calm,0.65714285714285725,0.44498162685064629,0.77142857142857146,0.54959032856465606,0.65714285714285725,0.51009524978100496
2024-04-04,train,up-calm,-0.028571428571428574,0.041600039076109652,0.88571428571428579,0.80995940320308257,0.82857142857142874,0.58597424791407016
2024-04-05,train,up-calm,-0.085714285714285729,0.27606256951605929,0.77142857142857146,0.42284856197711251,0.65714285714285725,0.45611908708930582
2024-04-08,train,up-calm,0.77142857142857146,0.54680880789024444,0.59999999999999998,0.3482856615345819,0.4285714285714286,0.43468159958441382
2024-04-09,train,up-calm,0.31428571428571428,0.0087530254686079608,0.085714285714285729,0.21273135515687144,0.3714285714285715,0.34723538181283248
2024-04-10,train,up-calm,0.77142857142857146,0.74472341417376275,0.7142857142857143,0.83896945554391666,0.59999999999999998,0.53537596703418389
2024-04-11,train,up-calm,-0.3714285714285715,-0.45578017689992667,0.25714285714285717,0.27511645647810845,-0.14285714285714288,-0.088445977343449902
2024-04-12,train,up-calm,0.085714285714285729,0.16300411496430808,0.82857142857142874,0.7820143849894664,0.20000000000000001,0.2728071021484636
2024-04-15,train,up-calm,-0.028571428571428574,-0.081474264384789469,0.25714285714285717,0.27558031359151558,-0.25714285714285717,-0.14172644373774845
2024-04-16,train,up-calm,1,0.99052210864930801,0.31428571428571428,0.30355197927609917,0.20000000000000001,-0.018239624448749627
2024-04-17,train,up-calm,-0.88571428571428579,-0.57926155748792318,-0.085714285714285729,-0.17284225545428694,-0.20000000000000001,-0.34144033934950546
2024-04-18,train,up-calm,0.14285714285714288,0.45143116820059093,-0.14285714285714288,-0.050662094005588035,-0.54285714285714293,-0.22769808963586127
2024-04-19,train,up-stressed,-0.085714285714285729,0.27128946369578505,-0.82857142857142874,-0.80714656956729014,-0.59999999999999998,-0.71692235321219056
2024-04-22,train,up-stressed,0.7142857142857143,0.54464865810471164,-0.82857142857142874,-0.93718467027552299,-0.54285714285714293,-0.67512825940019006
2024-04-23,train,up-stressed,-0.31428571428571428,-0.19624799973823573,-0.94285714285714295,-0.98779270825113064,-0.77142857142857146,-0.88228520953153999
2024-04-24,train,up-stressed,-0.65714285714285725,-0.75166987086764603,-0.7142857142857143,-0.71213871628392278,-0.59999999999999998,-0.72492584772358193
2024-04-25,train,up-stressed,-0.65714285714285725,-0.59407074367624957,-0.59999999999999998,-0.70178080186917557,-0.82857142857142874,-0.7755911181798445
2024-04-26,train,up-stressed,-0.54285714285714293,-0.58319351405900011,-0.25714285714285717,-0.44889204905109076,-0.48571428571428577,-0.59190643106707708
2024-04-29,train,up-stressed,0.028571428571428574,-0.30714418431769763,0.085714285714285729,-0.49211566043716443,-0.59999999999999998,-0.69170828228061731
2024-04-30,train,up-stressed,0.4285714285714286,0.26135046292356007,-0.3714285714285715,-0.17738262925463233,0.20000000000000001,0.035363221434574467
2024-05-01,train,up-stressed,0.028571428571428574,0.15505211822090612,-0.028571428571428574,0.01200340774180386,0.31428571428571428,0.23637790301087919
2024-05-02,train,up-stressed,0.77142857142857146,0.900091863950083,0.25714285714285717,0.27933113721644148,0.14285714285714288,0.29633590980099028
2024-05-03,train,up-stressed,0.085714285714285729,0.18763839865515997,0.25714285714285717,0.22466567358185632,0.028571428571428574,0.020198182427377403
2024-05-06,train,up-stressed,-0.25714285714285717,-0.067311105712627398,-0.085714285714285729,-0.034152386693883666,-0.14285714285714288,-0.010362088076412337
2024-05-07,train,up-stressed,0.085714285714285729,0.34860579564493621,0.25714285714285717,0.37940004516909087,-0.14285714285714288,-0.054143375269008094
2024-05-08,train,up-stressed,-0.14285714285714288,-0.25336776499496311,0.25714285714285717,0.29001533694554282,-0.085714285714285729,0.15518280057011835
2024-05-09,train,up-calm,0.59999999999999998,0.73743939754694676,0.25714285714285717,0.46299161109451475,-0.25714285714285717,0.34861783179196848
2024-05-10,train,up-calm,0.085714285714285729,0.12405304082349045,0.4285714285714286,0.39395467287451524,0.25714285714285717,0.10837743897208937
2024-05-13,train,up-calm,0.25714285714285717,0.4357901655433904,0.4285714285714286,0.53617827967530407,-0.14285714285714288,-0.29238148993768937
2024-05-14,train,up-calm,-0.3714285714285715,-0.74726705535057669,0.25714285714285717,0.20283131589875653,-0.7142857142857143,-0.67571889482183212
2024-05-15,train,up-calm,0.4285714285714286,0.55445562836398243,0.14285714285714288,0.17744957467414824,-0.7142857142857143,-0.77582529618175822
2024-05-16,train,up-calm,0.20000000000000001,0.10138691885994616,-0.14285714285714288,-0.036618691972080591,-0.54285714285714293,-0.67103297224241243
2024-05-17,train,up-calm,0.085714285714285729,0.41981439647709473,-0.3714285714285715,-0.18465081179866058,-0.7142857142857143,-0.57893408278447045
2024-05-20,train,up-calm,0.48571428571428577,0.41905015867260853,-0.4285714285714286,-0.49215305044158919,-0.59999999999999998,-0.41390035002608933
2024-05-21,train,up-calm,-0.14285714285714288,-0.14625528805582977,-0.59999999999999998,-0.60658920975694974,-0.48571428571428577,-0.31758055029224025
2024-05-22,train,up-calm,-0.14285714285714288,-0.14257097410789937,-0.54285714285714293,-0.53069672518167654,-0.54285714285714293,-0.29233398837422986
2024-05-23,train,up-calm,-0.028571428571428574,-0.24818784030706859,-0.25714285714285717,-0.36157884047113081,-0.028571428571428574,-0.10748810075093747
2024-05-24,train,up-calm,-0.3714285714285715,-0.43519558259870939,0.14285714285714288,-0.11754343559863631,0.14285714285714288,-0.047091032942727443
2024-05-27,train,up-calm,0.65714285714285725,0.61879842058923828,0.25714285714285717,0.48461187213363277,0.25714285714285717,0.37274182065830808
2024-05-28,train,up-calm,0.82857142857142874,0.78527595355648316,0.3714285714285715,0.42473961085240236,-0.3714285714285715,0.3650890528073284
2024-05-29,train,up-calm,-0.25714285714285717,-0.22137817778776714,-0.085714285714285729,-0.086472948284503609,-0.3714285714285715,0.1669306182564381
2024-05-30,train,up-calm,0.4285714285714286,0.51914876193977344,-0.028571428571428574,0.25528221104722959,0.65714285714285725,0.67000036915255468
2024-05-31,train,up-calm,0.028571428571428574,0.13343207792267561,-0.085714285714285729,-0.21460123212217841,0.3714285714285715,0.39088593470669686
2024-06-03,train,up-calm,0.25714285714285717,0.48747059003513959,-0.14285714285714288,-0.50916859982438456,0.82857142857142874,0.66208840759338006
2024-06-04,train,up-calm,-0.4285714285714286,-0.57712992445839228,0.25714285714285717,-0.031805623633619107,0.7142857142857143,0.51260202312250858
2024-06-05,train,up-calm,0.65714285714285725,0.37546267792652127,0.4285714285714286,0.24033462944122186,0.7142857142857143,0.61320827072174111
2024-06-06,train,up-calm,-0.085714285714285729,-0.27062170553495069,0.4285714285714286,0.43274488238738584,0.4285714285714286,0.19665569997300786
2024-06-07,train,up-calm,-0.65714285714285725,-0.66346539831097429,0.31428571428571428,0.32797136236024632,0.59999999999999998,0.37093084717279257
2024-06-10,train,up-calm,0.25714285714285717,0.78827044266776658,0.7142857142857143,0.57196522060053068,0.54285714285714293,0.11692750777770095
2024-06-11,train,up-calm,-0.65714285714285725,-0.61875637087572632,-0.48571428571428577,-0.021220330359164118,-0.085714285714285729,-0.24786508081789693
2024-06-12,train,up-calm,-0.25714285714285717,0.0004155512016414118,-0.54285714285714293,-0.24227229055304836,-0.7142857142857143,-0.30395162222973615
2024-06-13,train,up-calm,0.59999999999999998,0.13449918988998583,-0.65714285714285725,-0.69097504280581379,-0.77142857142857146,-0.56796844831099158
2024-06-14,train,up-calm,-0.3714285714285715,-0.21402259139094856,-0.88571428571428579,-0.70491670355175795,-0.77142857142857146,-0.71331158453793797
2024-06-17,train,up-calm,-0.085714285714285729,-0.11326911243059778,-0.4285714285714286,-0.56452315688155519,-0.20000000000000001,-0.37506918949819673
2024-06-18,train,up-calm,-0.4285714285714286,-0.51863342901480558,-0.31428571428571428,-0.33879665144454768,-0.085714285714285729,-0.17352182095171845
2024-06-19,train,up-calm,0.14285714285714288,-0.22348272205660391,0.25714285714285717,0.048789188282649214,0.54285714285714293,0.37753321983164606
2024-06-20,train,up-calm,0.48571428571428577,0.54641166099765492,0.65714285714285725,0.79010499369842846,0.77142857142857146,0.75376505684979278
2024-06-21,train,up-calm,0.3714285714285715,0.52379558696680006,0.59999999999999998,0.49639213919815767,0.77142857142857146,0.39499975133493131
2024-06-24,train,up-calm,0.77142857142857146,0.6883354196378183,0.65714285714285725,0.49017159155867202,-0.028571428571428574,-0.056905700270887691
2024-06-25,train,up-calm,-0.54285714285714293,-0.38413079851471826,0.25714285714285717,0.13238299110470803,-0.31428571428571428,-0.24433716782280074
2024-06-26,train,up-calm,0.59999999999999998,0.55311725131307876,0.14285714285714288,-0.063156629834075079,-0.31428571428571428,-0.21349286769814221
2024-06-27,train,up-stressed,-0.65714285714285725,-0.50145738977235632,-0.65714285714285725,-0.36381172979748061,-0.59999999999999998,-0.36905120564271282
2024-06-28,train,up-stressed,0.65714285714285725,0.61156281266300794,0.028571428571428574,-0.055708393585428249,-0.3714285714285715,-0.27614690239143075
2024-07-01,train,up-stressed,-0.3714285714285715,-0.1419254491236451,-0.31428571428571428,-0.58556457555581154,-0.59999999999999998,-0.50500941324066306
2024-07-02,train,up-stressed,0.25714285714285717,-0.11180719892660546,-0.48571428571428577,-0.64865790631360587,-0.085714285714285729,-0.21596486031084733
2024-07-03,train,up-stressed,-0.3714285714285715,-0.45839375015320083,-0.54285714285714293,-0.5045976969206043,0.20000000000000001,0.23321631810918064
2024-07-04,train,up-stressed,0.7142857142857143,0.77682667421339047,0.31428571428571428,0.27831869306282964,0.59999999999999998,0.66581343495521061
2024-07-05,train,up-stressed,-0.085714285714285729,-0.39850549041097255,-0.14285714285714288,-0.064118715350847719,0.3714285714285715,0.48542936520723468
2024-07-08,train,up-stressed,-0.31428571428571428,-0.29212654056100879,0.65714285714285725,0.50212437329804749,0.59999999999999998,0.67894310629021393
2024-07-09,train,up-stressed,-0.59999999999999998,-0.57828573157046814,0.82857142857142874,0.81835059310166935,0.77142857142857146,0.71920008952911196
2024-07-10,train,up-stressed,0.4285714285714286,0.3758130339091646,0.54285714285714293,0.8412876983257791,0.65714285714285725,0.73115673150336458
2024-07-11,train,up-stressed,0.65714285714285725,0.5744492941692102,0.7142857142857143,0.85341765544663151,0.7142857142857143,0.63564887772545908
2024-07-12,train,down-stressed,0.77142857142857146,0.33063060185975879,0.54285714285714293,0.72253990754856134,0.59999999999999998,0.6879626175941026
2024-07-15,train,down-stressed,-0.028571428571428574,-0.034032522784539367,0.085714285714285729,0.1925721667433368,-0.028571428571428574,0.11018145327341076
2024-07-16,train,down-stressed,0.14285714285714288,-0.077986192262137322,0.31428571428571428,0.51607339769471572,0.7142857142857143,0.7414442149554118
2024-07-17,train,down-stressed,0.3714285714285715,0.29362457514896179,0.31428571428571428,0.34323339693187715,1,0.95012449034650837
2024-07-18,train,down-stressed,0.4285714285714286,0.54910713009565726,0.14285714285714288,0.30473805405235899,1,0.98460573235416404
2024-07-19,train,down-stressed,0.085714285714285729,-0.015070315519009916,0.77142857142857146,0.68542403481852388,0.77142857142857146,0.86467500234935657
2024-07-22,train,down-calm,0.25714285714285717,-0.035560738653194986,0.7142857142857143,0.49691887896157649,0.88571428571428579,0.83672063418137954
2024-07-23,train,down-calm,0.028571428571428574,-0.10810546388928892,0.82857142857142874,0.89582272256211037,0.88571428571428579,0.81545820860739249
2024-07-24,train,down-calm,0.77142857142857146,0.61564772913122789,0.54285714285714293,0.51584537720580215,0.20000000000000001,0.42748478516516625
2024-07-25,train,down-calm,-0.14285714285714288,0.15251647925630271,0.25714285714285717,0.18810672960233141,0.31428571428571428,0.10393650899221837
2024-07-26,train,down-calm,0.028571428571428574,0.049243501192120807,0.31428571428571428,0.35475245867384664,0.028571428571428574,0.093872286442042374
2024-07-29,train,down-calm,-0.085714285714285729,-0.1803190631118973,0.59999999999999998,0.20606408350491812,0.7142857142857143,0.28471048025648449
2024-07-30,train,down-calm,0.20000000000000001,0.067044183554513845,-0.14285714285714288,0.059529036996605292,-0.14285714285714288,-0.10168265449011163
2024-07-31,train,down-calm,0.25714285714285717,0.16870618798700476,-0.3714285714285715,-0.15215945332884406,-0.14285714285714288,0.029084499266270807
2024-08-01,train,down-calm,0.48571428571428577,0.19959634235630028,0.48571428571428577,-0.024647933456798284,0.14285714285714288,0.1642528499651725
2024-08-02,train,down-calm,-0.4285714285714286,-0.22095325350259265,-0.31428571428571428,-0.024080674494229719,0.3714285714285715,0.35994571775306022
2024-08-05,train,down-calm,-0.028571428571428574,0.1751192817135549,0.94285714285714295,0.81015867548845111,0.59999999999999998,0.58067908674834789
2024-08-06,train,down-calm,-0.25714285714285717,-0.3728427655801218,0.3714285714285715,0.39943077436660296,0.3714285714285715,0.60723524292834308
2024-08-07,train,down-calm,0.65714285714285725,0.43474566135374937,0.7142857142857143,0.81978322631919764,0.7142857142857143,0.7516003026675786
2024-08-08,train,down-calm,-0.4285714285714286,-0.38518100352333223,0.3714285714285715,0.47710867397572132,0.65714285714285725,0.7074424680923902
2024-08-09,train,down-calm,0.59999999999999998,0.52649543940456023,0.54285714285714293,0.54269125055597844,0.77142857142857146,0.73117594018562493
2024-08-12,train,down-calm,0.085714285714285729,0.11072114818642495,0.4285714285714286,0.47124235435710721,0.82857142857142874,0.78790658407952274
2024-08-13,train,down-calm,0.54285714285714293,0.47256477616982562,0.7142857142857143,0.73771476510589584,0.88571428571428579,0.7449520602230445
2024-08-14,train,down-calm,0.31428571428571428,0.27535748157403611,0.65714285714285725,0.82053215563149007,0.94285714285714295,0.82782065193589582
2024-08-15,train,down-calm,0.54285714285714293,0.6054528812467993,0.88571428571428579,0.89047720321286117,0.88571428571428579,0.77261186346627797
2024-08-16,train,down-calm,0.77142857142857146,0.69386966020540353,1,0.93767151705668483,0.82857142857142874,0.79416452827329498
2024-08-19,train,down-calm,0.028571428571428574,0.10060504154211462,0.54285714285714293,0.72751457449615087,0.4285714285714286,0.57198683683805296
2024-08-20,train,down-calm,-0.14285714285714288,0.24367490486282414,0.54285714285714293,0.62041265626618192,0.54285714285714293,0.64536569687888445
2024-08-21,train,down-calm,0.7142857142857143,0.71911174880427786,0.65714285714285725,0.7094185580454937,0.59999999999999998,0.4965620743613246
2024-08-22,train,down-calm,0.77142857142857146,0.76008259885242124,0.3714285714285715,0.55927951602646941,0.59999999999999998,0.53876094413638331
2024-08-23,train,down-calm,-0.4285714285714286,-0.41914699292177843,0.65714285714285725,0.65517118099435656,0.59999999999999998,0.58122562290893698
2024-08-26,train,down-stressed,0.65714285714285725,0.55004453476707693,0.65714285714285725,0.54147098704432339,0.77142857142857146,0.70990686916742773
2024-08-27,train,down-calm,0.31428571428571428,0.12006581498638121,0.4285714285714286,0.32960226332391096,0.77142857142857146,0.73641511555552752
2024-08-28,train,down-calm,-0.028571428571428574,0.23022133183668553,0.4285714285714286,0.20083573885338105,0.88571428571428579,0.83909236492905692
2024-08-29,train,down-calm,0.82857142857142874,0.56060437941917751,0.65714285714285725,0.51823741572041127,0.88571428571428579,0.64002395404349299
2024-08-30,train,down-calm,0.20000000000000001,0.24116142463256846,0.82857142857142874,0.63588027749239817,0.65714285714285725,0.64013379563061756
2024-09-02,train,down-calm,0.20000000000000001,0.32289416279697336,0.54285714285714293,0.58775110426156574,0.085714285714285729,0.27123184768546804
2024-09-03,train,down-calm,0.028571428571428574,-0.010692102277183296,-0.20000000000000001,0.14864158857565332,0.14285714285714288,0.19718211265095986
2024-09-04,train,down-calm,0.4285714285714286,0.44869932874977531,0.14285714285714288,-0.080356715289687339,-0.085714285714285729,-0.22543743575343098
2024-09-05,train,down-stressed,-0.31428571428571428,-0.27553543600846919,-0.085714285714285729,-0.43096965435384016,-0.54285714285714293,-0.35177445889340814
2024-09-06,train,down-calm,-0.14285714285714288,-0.42185974554251288,-0.028571428571428574,-0.17296248066452982,-0.54285714285714293,-0.37750002314418385
2024-09-09,train,down-calm,0.3714285714285715,-0.00620209488474257,0.20000000000000001,0.074473884257757819,-0.4285714285714286,-0.28566655548855813
2024-09-10,train,down-stressed,0.3714285714285715,0.2539912990352079,-0.085714285714285729,0.18560507949269683,-0.14285714285714288,0.040239575635067443
2024-09-11,train,down-stressed,-0.25714285714285717,-0.57528392967145103,-0.028571428571428574,-0.08960962364042678,0.31428571428571428,0.19886361234577263
2024-09-12,train,down-stressed,0.65714285714285725,0.6726250445816172,0.25714285714285717,0.59618581081129207,0.4285714285714286,0.66931767700642042
2024-09-13,train,down-stressed,0.3714285714285715,0.25318958569319472,0.25714285714285717,0.10904229579953444,0.3714285714285715,0.48370905198153741
2024-09-16,train,down-stressed,-0.48571428571428577,-0.26380116659929542,0.028571428571428574,-0.027069411845083585,0.14285714285714288,0.43720601158147299
2024-09-17,train,down-stressed,-0.085714285714285729,-0.1737987658830859,0.31428571428571428,0.29657037590267188,0.25714285714285717,0.51442145940818829
2024-09-18,train,down-stressed,0.31428571428571428,0.35913044405421002,0.48571428571428577,0.50237613841304551,0.88571428571428579,0.75730193432038684
2024-09-19,train,down-stressed,0.31428571428571428,0.026751507447470253,0.94285714285714295,0.705740500415316,0.77142857142857146,0.62839903877014491
2024-09-20,train,down-stressed,-0.085714285714285729,-0.046404531681167739,0.4285714285714286,0.44970707569268381,0.48571428571428577,0.65637230704274718
2024-09-23,train,down-stressed,0.7142857142857143,0.73811359261736675,0.65714285714285725,0.50919715705168545,0.48571428571428577,0.49585768804732233
2024-09-24,train,down-stressed,-0.085714285714285729,-0.063088210266814743,0.48571428571428577,0.45143489554434346,0.48571428571428577,0.12884270568481115
2024-09-25,train,down-stressed,0.48571428571428577,0.44950176955954513,0.54285714285714293,0.4049190907366631,0.48571428571428577,0.057975096553397339
2024-09-26,train,down-stressed,0.25714285714285717,0.18817057849261382,0.54285714285714293,0.54350408729574706,0.20000000000000001,-0.0032227480215674944
2024-09-27,train,down-stressed,0.82857142857142874,0.85928596482278952,0.88571428571428579,0.61917422861312676,0.20000000000000001,-0.0032759708650266796
2024-09-30,train,down-stressed,-0.085714285714285729,-0.64972277778165866,-0.25714285714285717,-0.27469581874346277,-0.14285714285714288,-0.49306586288893772
2024-10-01,train,down-stressed,-0.3714285714285715,0.07573894929541343,-0.3714285714285715,-0.13327328605644392,-0.4285714285714286,-0.24248773329159201
2024-10-02,train,down-stressed,-0.028571428571428574,-0.027743212914892918,0.3714285714285715,0.036351016267970999,-0.48571428571428577,-0.45766010221031794
2024-10-03,train,down-calm,0.25714285714285717,0.18420388435683241,-0.20000000000000001,-0.1478996095466496,-0.31428571428571428,-0.17004251664739647
2024-10-04,train,down-calm,0.25714285714285717,0.24342496311383982,0.14285714285714288,0.0086566438120354652,-0.54285714285714293,-0.43216516237674757
2024-10-07,train,down-stressed,0.14285714285714288,0.16588276139505789,-0.31428571428571428,-0.43117099467319031,-0.77142857142857146,-0.72087723239878598
2024-10-08,train,down-calm,0.59999999999999998,0.48091586611446596,-0.59999999999999998,-0.67510284822820055,-0.59999999999999998,-0.58097019033233932
2024-10-09,train,down-calm,-1,-0.93082680156297093,-0.94285714285714295,-0.81438455941861121,-0.54285714285714293,-0.45908631701648284
2024-10-10,train,down-calm,0.4285714285714286,0.54111567704281349,-0.54285714285714293,-0.33377456334946498,-0.31428571428571428,-0.016516934612758438
2024-10-11,train,down-stressed,-0.94285714285714295,-0.91805469981118049,-0.65714285714285725,-0.7005624083384393,0.25714285714285717,-0.14197084225247053
2024-10-14,train,down-stressed,-0.3714285714285715,-0.48439629659637085,-0.25714285714285717,-0.012992939531929803,0.25714285714285717,0.16375068686819577
2024-10-15,train,down-stressed,-0.14285714285714288,-0.29168498972082468,0.25714285714285717,0.36884327939713268,0.3714285714285715,0.35295449339367696
2024-10-16,train,down-stressed,0.028571428571428574,0.2209647983009943,0.77142857142857146,0.80394421139826944,0.4285714285714286,0.58712622469812858
2024-10-17,train,down-calm,0.028571428571428574,0.1179905833699474,0.085714285714285729,0.12951852456837273,-0.25714285714285717,0.068523779717785352
2024-10-18,train,down-calm,0.31428571428571428,0.11175377422820884,0.085714285714285729,0.45900039557513017,0.028571428571428574,0.29199300335951689
2024-10-21,train,down-stressed,-0.3714285714285715,-0.10705077678896281,0.085714285714285729,0.19478412781049095,0.20000000000000001,0.31921226752992005
2024-10-22,train,down-stressed,0.31428571428571428,0.33771563257443554,0.59999999999999998,0.41640347334497502,0.48571428571428577,0.55200380859988418
2024-10-23,train,down-stressed,0.48571428571428577,0.43009654632651328,0.4285714285714286,0.38375970556930611,0.54285714285714293,0.75779004097379232
2024-10-24,train,down-stressed,0.7142857142857143,0.86785047041341734,0.3714285714285715,0.44476498898638966,0.31428571428571428,0.39845965565762914
2024-10-25,train,down-stressed,0.028571428571428574,0.086273089041784143,0.54285714285714293,0.40991435283323951,0.085714285714285729,0.19455458392919528
2024-10-28,train,down-stressed,0.20000000000000001,0.24850184431880679,-0.14285714285714288,0.053285127417842734,-0.25714285714285717,-0.10654443624367135
2024-10-29,train,down-stressed,0.25714285714285717,0.093134045369028959,0.14285714285714288,0.17250036644613242,-0.085714285714285729,-0.11625646859737687
2024-10-30,train,down-stressed,-0.59999999999999998,-0.58357745723976873,-0.085714285714285729,-0.23321198775193425,-0.085714285714285729,-0.24776078628495785
2024-10-31,train,down-stressed,0.25714285714285717,0.40006114234942886,-0.31428571428571428,-0.23433741156361954,-0.25714285714285717,-0.25786020853769215
2024-11-01,train,down-stressed,-0.31428571428571428,-0.39883256260211264,-0.14285714285714288,-0.34065789995708406,-0.25714285714285717,-0.44463647988024435
2024-11-04,train,down-stressed,0.31428571428571428,0.59744919415326703,-0.31428571428571428,0.0074249930136034079,-0.31428571428571428,-0.17160238761483382
2024-11-05,train,down-stressed,-0.54285714285714293,-0.5613507560617127,-0.085714285714285729,-0.0031095589293990153,-0.3714285714285715,-0.10645418985067874
2024-11-06,train,down-stressed,0.085714285714285729,0.067850392499532661,-0.085714285714285729,-0.031440769800865069,-0.31428571428571428,-0.016091027828158334
2024-11-07,train,down-stressed,-0.20000000000000001,0.24840249640463366,0.31428571428571428,0.42224853902613957,0.085714285714285729,0.10378839469578451
2024-11-08,train,down-stressed,-0.65714285714285725,-0.44894156906300764,0.7142857142857143,0.41872137965079942,0.31428571428571428,0.10776588552394968
2024-11-11,train,down-stressed,0.3714285714285715,0.25359681944660933,0.20000000000000001,0.36631296161563498,0.31428571428571428,0.24000723995575865
2024-11-12,train,down-stressed,0.59999999999999998,0.5111651778433367,0.59999999999999998,0.58452441623081597,0.65714285714285725,0.56816831238633447
2024-11-13,train,down-stressed,0.14285714285714288,0.20647411084693948,0.59999999999999998,0.6930380353466421,0.77142857142857146,0.79105787312412146
2024-11-14,train,down-stressed,-0.25714285714285717,0.20083902417757776,0.3714285714285715,0.49290359660004734,0.14285714285714288,0.3241444706582437
2024-11-15,train,down-stressed,0.65714285714285725,0.8106964596196099,0.54285714285714293,0.52901251390885518,0.31428571428571428,0.39381883800038814
2024-11-18,train,down-stressed,-0.48571428571428577,-0.40032384407150412,-0.085714285714285729,0.039357579479242538,0.085714285714285729,-0.3301549371687294
2024-11-19,train,down-stressed,0.14285714285714288,0.079856567617394889,0.48571428571428577,0.55006804450779256,0.3714285714285715,0.0082983208562650759
2024-11-20,train,down-calm,0.48571428571428577,0.27474888987873441,0.59999999999999998,0.50300001030804686,-0.14285714285714288,-0.035245931085222802
2024-11-21,train,down-calm,-0.028571428571428574,0.19826682795763634,-0.028571428571428574,-0.14910162809682406,-0.20000000000000001,-0.1868327494291053
2024-11-22,train,up-stressed,0.028571428571428574,0.071075722262199922,-0.4285714285714286,-0.41359612483519032,0.028571428571428574,-0.13471881587070189
2024-11-25,train,up-stressed,0.4285714285714286,0.37350732856587321,-0.48571428571428577,-0.61528997418155051,0.14285714285714288,0.056154160371916673
2024-11-26,train,up-stressed,0.25714285714285717,0.16279942891593666,-0.54285714285714293,-0.50904567635499454,0.085714285714285729,0.018079615805512816
2024-11-27,train,up-calm,-0.7142857142857143,-0.57566844779352633,-0.3714285714285715,-0.41219885868640982,-0.20000000000000001,-0.12728946431298724
2024-11-28,train,up-calm,-0.54285714285714293,-0.63870220636897101,-0.25714285714285717,-0.12779241283859283,-0.028571428571428574,0.085340409073689741
2024-11-29,train,up-calm,-0.14285714285714288,-0.37185718569928061,0.25714285714285717,0.11024088679150498,-0.028571428571428574,-0.08260474234736663
2024-12-02,train,up-calm,0.77142857142857146,0.48857980243230015,0.59999999999999998,0.41585446260199693,0.59999999999999998,0.60966189251384295
2024-12-03,train,up-calm,0.20000000000000001,0.09969960769333977,0.7142857142857143,0.4790332831935078,1,0.83747159966722196
2024-12-04,train,up-calm,0.59999999999999998,0.44976329066878734,0.65714285714285725,0.79480829053406954,0.7142857142857143,0.72702806168035017
2024-12-05,train,up-calm,-0.25714285714285717,0.13922282786225004,0.59999999999999998,0.78463230842608533,,
2024-12-06,train,up-calm,0.3714285714285715,0.43414827941039752,0.20000000000000001,0.40692525095525872,,
2024-12-09,train,up-stressed,0.59999999999999998,0.63286456326524976,0.31428571428571428,0.40403106413905288,,
2024-12-10,train,up-stressed,0.54285714285714293,0.538655112177854,-0.14285714285714288,0.0965822214445623,,
2024-12-11,train,up-calm,-0.59999999999999998,-0.36063296646095377,-0.59999999999999998,-0.46042020214802382,,
2024-12-12,train,up-calm,-0.31428571428571428,-0.62543467032863398,,,,
2024-12-13,train,up-stressed,0.4285714285714286,0.58050561017387248,,,,
2024-12-16,train,up-stressed,-0.3714285714285715,-0.56049175583727007,,,,
2024-12-17,train,up-stressed,-0.25714285714285717,-0.30002163477388866,,,,
2024-12-18,train,up-stressed,,,,,,
2024-12-19,validation,up-stressed,-0.65714285714285725,-0.67026309879274759,-0.77142857142857146,-0.83858496635454449,-0.25714285714285717,-0.076166334691586415
2024-12-20,validation,up-stressed,0.085714285714285729,0.08704716190652545,0.7142857142857143,0.60169441182250583,0.4285714285714286,0.45820896365636027
2024-12-23,validation,up-stressed,-1,-0.95986118967960854,0.20000000000000001,0.2912748225526483,0.54285714285714293,0.62086334633271256
2024-12-24,validation,up-stressed,0.25714285714285717,0.3364543763971613,0.77142857142857146,0.70147499269928826,0.59999999999999998,0.63679903287208384
2024-12-25,validation,up-stressed,-0.3714285714285715,-0.14163559521869679,0.4285714285714286,0.54782688905570565,0.59999999999999998,0.45510107466153193
2024-12-26,validation,up-stressed,0.25714285714285717,0.31043395781463723,0.20000000000000001,0.24939503005385746,0.25714285714285717,0.29641739718248666
2024-12-27,validation,up-stressed,0.3714285714285715,-0.0054839494106474068,0.48571428571428577,0.53882098344799134,0.65714285714285725,0.50422059486770066
2024-12-30,validation,up-stressed,0.085714285714285729,0.0033982117917260046,0.48571428571428577,0.54722149805233833,0.48571428571428577,0.2035337280445022
2024-12-31,validation,up-stressed,0.65714285714285725,0.69011279535124248,0.59999999999999998,0.74700590396447286,0.4285714285714286,0.15918821876574724
2025-01-01,validation,up-stressed,0.028571428571428574,0.62002232258002454,0.4285714285714286,0.26501157879224962,-0.20000000000000001,-0.18524310035533356
2025-01-02,validation,up-stressed,-0.25714285714285717,0.18247571350002745,0.3714285714285715,-0.037536666559123889,0.31428571428571428,-0.119778131528815
2025-01-03,validation,up-stressed,0.25714285714285717,-0.02074212237195814,-0.54285714285714293,-0.57905807307065771,0.25714285714285717,-0.15622795539342554
2025-01-06,validation,up-stressed,-0.65714285714285725,-0.70812714843329216,-0.25714285714285717,-0.42691690651912101,0.20000000000000001,-0.08713821058958611
2025-01-07,validation,up-stressed,-0.028571428571428574,0.42954773555506448,-0.028571428571428574,8.7626416326813631e-05,0.25714285714285717,0.29281859815081929
2025-01-08,validation,up-stressed,0.14285714285714288,0.14175573785308868,-0.028571428571428574,-0.096815550679559284,-0.25714285714285717,0.034503230499224151
2025-01-09,validation,up-stressed,-0.31428571428571428,-0.44156734077488241,0.14285714285714288,-0.088242884219184151,-0.25714285714285717,-0.17675813588738543
2025-01-10,validation,up-stressed,0.25714285714285717,0.27976592517198146,0.25714285714285717,0.48450519904746692,0.028571428571428574,0.089353804937359005
2025-01-13,validation,up-stressed,0.14285714285714288,0.076776614607627067,0.14285714285714288,0.50483743841501194,0.085714285714285729,-0.030457773557589499
2025-01-14,validation,up-stressed,0.085714285714285729,0.12296491761591428,0.59999999999999998,0.80937340324789164,0.48571428571428577,0.43131679172948684
2025-01-15,validation,up-stressed,-0.028571428571428574,0.18234015161002995,0.59999999999999998,0.66413091268214763,0.77142857142857146,0.47824511448779
2025-01-16,validation,up-stressed,0.25714285714285717,0.5846375607687514,0.25714285714285717,0.59256631706521412,0.25714285714285717,0.17091914126099939
2025-01-17,validation,up-stressed,-0.59999999999999998,-0.36291417703050305,-0.085714285714285729,0.24674568629667298,-0.4285714285714286,-0.11021539832763018
2025-01-20,validation,up-stressed,-0.48571428571428577,-0.45492832888564733,-0.14285714285714288,0.051107285597902841,-0.25714285714285717,-0.1213352406919105
2025-01-21,validation,up-stressed,-0.54285714285714293,-0.48371414022921344,0.085714285714285729,-0.0027666933176920929,-0.14285714285714288,-0.13216456998482173
2025-01-22,validation,up-stressed,0.65714285714285725,0.81881135791000603,0.25714285714285717,0.34108984633404082,0.65714285714285725,0.5233242097313574
2025-01-23,validation,up-stressed,0.31428571428571428,0.54411452643280189,0.14285714285714288,0.17204350212512262,-0.20000000000000001,-0.24463630674358125
2025-01-24,validation,up-stressed,-0.085714285714285729,-0.0093557553590825349,-0.14285714285714288,-0.29315582110508659,-0.48571428571428577,-0.63890738738404151
2025-01-27,validation,up-stressed,-0.48571428571428577,-0.68673439227899979,-0.3714285714285715,-0.5774877106970423,-0.77142857142857146,-0.72977914322533111
2025-01-28,validation,up-stressed,-0.14285714285714288,-0.0032721100185395553,0.31428571428571428,-0.18177201175556551,-0.20000000000000001,0.023395594838994983
2025-01-29,validation,up-stressed,0.14285714285714288,-0.057002508152790114,-0.20000000000000001,-0.37118215996025083,0.14285714285714288,0.27833369342757186
2025-01-30,validation,up-stressed,0.14285714285714288,0.23824389653759667,-0.82857142857142874,-0.80477775355648828,-0.4285714285714286,-0.28515966082008315
2025-01-31,validation,up-stressed,-0.59999999999999998,-0.64271788813503306,-0.88571428571428579,-0.85907138514845149,-0.48571428571428577,-0.5245586525187329
2025-02-03,validation,up-stressed,-0.65714285714285725,-0.20241455018747267,-0.54285714285714293,-0.44043341207011499,-0.48571428571428577,-0.25616144676851149
2025-02-04,validation,up-stressed,0.14285714285714288,-0.19570887685004146,-0.14285714285714288,-0.48853772254594718,-0.14285714285714288,-0.54472029779565112
2025-02-05,validation,up-calm,-0.88571428571428579,-0.76371146271447932,-0.20000000000000001,-0.21336533215021222,-0.4285714285714286,-0.35372831454291814
2025-02-06,validation,up-calm,-0.085714285714285729,-0.1711546203934142,0.028571428571428574,-0.056859031081598337,0.25714285714285717,0.38129732987614162
2025-02-07,validation,up-calm,-0.88571428571428579,-0.77163934750616237,-0.88571428571428579,-0.69263496890562581,-0.94285714285714295,-0.38364357934184429
2025-02-10,validation,up-calm,0.14285714285714288,0.43742475259469504,-0.25714285714285717,0.20104793001360724,-0.085714285714285729,0.27125609756223201
2025-02-11,validation,up-calm,0.48571428571428577,0.58205330034063618,-0.028571428571428574,0.46283819587996516,0.59999999999999998,0.67743588190062798
2025-02-12,validation,up-calm,0.77142857142857146,0.65427397644173846,0.77142857142857146,0.67133934010498553,0.31428571428571428,0.49696820288920951
2025-02-13,validation,up-calm,-0.085714285714285729,-0.36953543733661465,0.25714285714285717,0.38836505132063825,0.14285714285714288,0.058379339631361743
2025-02-14,validation,up-calm,-0.028571428571428574,0.25957061714808272,0.20000000000000001,0.52122359223684966,0.4285714285714286,0.20410483480870686
2025-02-17,validation,up-calm,0.7142857142857143,0.8708846887878835,0.25714285714285717,0.67888682383559129,-0.4285714285714286,0.007754591821654013
2025-02-18,validation,up-calm,0.48571428571428577,0.46679600096348339,0.48571428571428577,0.68416717613447608,0.085714285714285729,-0.043651663222690811
2025-02-19,validation,up-calm,0.20000000000000001,0.22922781323417271,-0.14285714285714288,-0.059528250609314118,-0.77142857142857146,-0.2107805062724154
2025-02-20,validation,up-calm,0.4285714285714286,0.40372732866255734,-0.7142857142857143,-0.32631643734632276,-0.48571428571428577,-0.26263019103832702
2025-02-21,validation,up-calm,0.14285714285714288,0.46733622393625329,-0.77142857142857146,-0.57402234145505771,-0.94285714285714295,-0.42099357168533696
2025-02-24,validation,up-calm,0.7142857142857143,0.63668345973564444,-0.59999999999999998,-0.73284607661016288,-0.25714285714285717,-0.52940495230772333
2025-02-25,validation,up-calm,-0.48571428571428577,-0.7234084470552713,-0.65714285714285725,-0.77998302916308004,-0.59999999999999998,-0.62534557969392757
2025-02-26,validation,up-calm,0.4285714285714286,0.12538188308246007,-0.028571428571428574,-0.21844349742002422,-0.14285714285714288,0.07272633002983378
2025-02-27,validation,up-calm,-0.4285714285714286,-0.35025076692842244,-0.085714285714285729,-0.18079055719336098,0.20000000000000001,0.19360052360323354
2025-02-28,validation,up-calm,-0.59999999999999998,-0.46499197271093867,0.028571428571428574,0.33004465070358435,0.77142857142857146,0.49626908492507127
2025-03-03,validation,up-stressed,-0.028571428571428574,0.20511015989320594,0.48571428571428577,0.43541147365190264,0.48571428571428577,0.33571979159960541
2025-03-04,validation,up-stressed,0.14285714285714288,0.1988104597973355,0.31428571428571428,0.17120342977028383,0.59999999999999998,0.35355339295307303
2025-03-05,validation,up-stressed,-0.7142857142857143,-0.75537678499032612,-0.59999999999999998,-0.47682615076561374,-0.25714285714285717,-0.099325664332765976
2025-03-06,validation,up-stressed,0.3714285714285715,0.45331590948877992,-0.59999999999999998,-0.34945168560897799,-0.54285714285714293,-0.33286148793883502
2025-03-07,validation,up-stressed,-0.085714285714285729,-0.41315151693264873,-0.48571428571428577,-0.39994120139400713,-0.085714285714285729,-0.17889687755143846
2025-03-10,validation,up-stressed,0.028571428571428574,-0.045855764873834318,0.65714285714285725,0.4756721739252785,0.4285714285714286,0.42188391218291732
2025-03-11,validation,up-stressed,-0.3714285714285715,-0.4680052777118569,0.14285714285714288,0.17748000559347235,-0.14285714285714288,0.05349211489086695
2025-03-12,validation,up-stressed,0.25714285714285717,0.54098743069868382,-0.25714285714285717,-0.20761646241649026,-0.20000000000000001,-0.32405452755297592
2025-03-13,validation,up-stressed,0.20000000000000001,0.12666314700115336,-0.54285714285714293,-0.44844099454678349,-0.59999999999999998,-0.37999181239593605
2025-03-14,validation,up-calm,0.028571428571428574,-0.00091192001889526468,-0.54285714285714293,-0.11733335952304615,-0.59999999999999998,-0.11508479159592512
2025-03-17,validation,up-calm,-0.31428571428571428,-0.30612678032863111,-0.65714285714285725,-0.4075523917284018,-0.4285714285714286,-0.33373176234836316
2025-03-18,validation,up-calm,-0.59999999999999998,-0.52895247298438186,-0.59999999999999998,-0.17209548886461601,-0.48571428571428577,-0.23123216920984418
2025-03-19,validation,up-stressed,0.085714285714285729,-0.043242943796773917,0.4285714285714286,0.47072473633819806,0.59999999999999998,0.50479652612504899
2025-03-20,validation,up-stressed,0.88571428571428579,0.81021611245824565,0.82857142857142874,0.7996187827785719,0.82857142857142874,0.78466786163214697
2025-03-21,validation,up-stressed,-0.14285714285714288,0.075359593956743673,0.3714285714285715,0.61662296620065304,0.54285714285714293,0.70977279054620879
2025-03-24,validation,up-calm,0.48571428571428577,0.67308217914299218,0.54285714285714293,0.56333557405727352,0.59999999999999998,0.8792567265466622
2025-03-25,validation,up-calm,0.085714285714285729,-0.12861089718872379,0.31428571428571428,0.40836789821959724,0.7142857142857143,0.9091283264956912
2025-03-26,validation,up-calm,-0.028571428571428574,-0.015081926262318501,0.31428571428571428,0.70200791883553471,0.82857142857142874,0.97464691356947764
2025-03-27,validation,up-calm,-0.085714285714285729,0.11651796791438467,0.20000000000000001,0.83770258689487309,0.31428571428571428,0.64449901512249075
2025-03-28,validation,up-calm,0.3714285714285715,0.43668025657981158,-0.085714285714285729,0.63846486342738895,-0.20000000000000001,0.25292911184487787
2025-03-31,validation,up-calm,0.085714285714285729,0.30480191661371198,-0.085714285714285729,0.31485394200857836,-0.25714285714285717,-0.014579228948104749
2025-04-01,validation,up-calm,-0.085714285714285729,0.11314841380773258,-0.14285714285714288,0.2447220045624651,-0.54285714285714293,-0.3206684765246785
2025-04-02,validation,up-calm,0.25714285714285717,0.48477105661198389,-0.3714285714285715,-0.086474374499463755,,
2025-04-03,validation,up-stressed,-0.82857142857142874,-0.76361593032643293,-0.59999999999999998,-0.26340021356185156,,
2025-04-04,validation,up-calm,-0.4285714285714286,-0.57721505306373377,-0.14285714285714288,-0.052243317904775474,,
2025-04-07,validation,up-calm,0.085714285714285729,0.36076425074286367,-0.48571428571428577,-0.16782728641579095,,
2025-04-08,validation,up-calm,-0.31428571428571428,-0.13522461670099165,-0.77142857142857146,-0.64175864209951139,,
2025-04-09,validation,up-calm,0.085714285714285729,-0.020236634025484593,,,,
2025-04-10,validation,up-calm,0.25714285714285717,0.26310454924416038,,,,
2025-04-11,validation,up-calm,-0.59999999999999998,-0.68133241467911887,,,,
2025-04-14,validation,up-calm,-0.085714285714285729,-0.42483957622832258,,,,
2025-04-15,validation,up-calm,,,,,,
2025-04-16,test,up-calm,-0.82857142857142874,-0.69408224976062338,-0.25714285714285717,-0.32105343197300573,-0.25714285714285717,0.10283317594971575
2025-04-17,test,up-calm,-0.14285714285714288,0.19041680964768556,0.25714285714285717,0.43210845535814152,0.25714285714285717,0.62018668894459927
2025-04-18,test,up-calm,0.59999999999999998,0.69961262567147875,0.4285714285714286,0.67793931549960917,0.65714285714285725,0.88935150546136377
2025-04-21,test,up-calm,-0.65714285714285725,-0.43491276491763325,0.65714285714285725,0.77099128153780838,0.82857142857142874,0.96527825094861652
2025-04-22,test,up-calm,0.54285714285714293,0.57034859799243265,0.88571428571428579,0.87177061550110124,0.88571428571428579,0.91176431394885138
2025-04-23,test,up-calm,0.77142857142857146,0.81709600517991643,0.88571428571428579,0.8818154023798852,0.77142857142857146,0.78911302221887536
2025-04-24,test,up-calm,-0.028571428571428574,-0.12816385468266406,0.77142857142857146,0.58837292455285073,0.4285714285714286,0.4870900726975359
2025-04-25,test,up-calm,0.7142857142857143,0.53420282816715259,0.77142857142857146,0.69924461819304395,0.085714285714285729,0.37259161708105171
2025-04-28,test,up-calm,0.31428571428571428,0.38214464343121557,0.085714285714285729,0.48614777216654925,0.085714285714285729,0.27615965285230032
2025-04-29,test,up-calm,0.48571428571428577,0.72535197917082339,0.14285714285714288,0.60671739672405389,0.085714285714285729,0.26767569259979435
2025-04-30,test,up-calm,0.7142857142857143,0.68670869998905437,0.20000000000000001,0.47265589498897592,-0.14285714285714288,-0.12281418627244128
2025-05-01,test,up-calm,0.31428571428571428,0.50240704342646392,0.54285714285714293,0.48163422847134463,0.085714285714285729,-0.17534524888854428
2025-05-02,test,up-calm,0.085714285714285729,0.14383374040229216,-0.59999999999999998,-0.20523471822659498,-0.31428571428571428,-0.20899186373051665
2025-05-05,test,up-calm,0.25714285714285717,0.16930444587178639,-0.82857142857142874,-0.74786268212025364,-0.14285714285714288,-0.27252929603888715
2025-05-06,test,up-calm,-0.59999999999999998,-0.055301396094348816,-0.59999999999999998,-0.56799531789320523,-0.3714285714285715,-0.47222897956226878
2025-05-07,test,up-calm,-0.4285714285714286,-0.25018649132384579,-0.3714285714285715,-0.7069010347704795,-0.14285714285714288,-0.58522338857310807
2025-05-08,test,up-calm,-0.54285714285714293,-0.31369798563916057,-0.14285714285714288,-0.27251160820466092,0.085714285714285729,-0.4157484761151321
2025-05-09,test,up-calm,-0.48571428571428577,-0.4130735444687974,0.25714285714285717,0.013046162782709175,-0.3714285714285715,-0.43034459701143168
2025-05-12,test,up-calm,0.48571428571428577,0.53090246650608808,-0.25714285714285717,-0.27699664185914719,-0.7142857142857143,-0.5961993830324841
2025-05-13,test,up-calm,-0.77142857142857146,-0.46506828624289587,-0.48571428571428577,-0.493005148508042,-0.59999999999999998,-0.6136415523644545
2025-05-14,test,up-calm,0.48571428571428577,0.51411807778091101,0.028571428571428574,-0.20046984679375032,0.028571428571428574,-0.10631770340251723
2025-05-15,test,up-calm,-0.25714285714285717,-0.39948532117116053,-0.3714285714285715,-0.14113716285674116,0.14285714285714288,0.065332585528579012
2025-05-16,test,up-calm,0.085714285714285729,-0.21044363132400024,0.085714285714285729,0.22482426305166803,0.085714285714285729,0.30100719641619578
2025-05-19,test,up-calm,0.20000000000000001,0.39984023427276805,0.20000000000000001,0.19025627968403144,0.7142857142857143,0.58630842505630332
2025-05-20,test,up-calm,0.48571428571428577,0.53061950857904649,0.4285714285714286,0.4371853445323482,0.77142857142857146,0.591066765282111
2025-05-21,test,up-calm,-0.085714285714285729,-0.17679157161202619,0.4285714285714286,0.56651437826373197,0.4285714285714286,0.55652053151143377
2025-05-22,test,up-calm,0.25714285714285717,0.09791258333183335,0.25714285714285717,0.46389332181900667,0.31428571428571428,0.37511301537306224
2025-05-23,test,up-calm,0.59999999999999998,0.54250937605673433,0.77142857142857146,0.90809857870690303,0.31428571428571428,0.45392177205198869
2025-05-26,test,up-stressed,0.20000000000000001,-0.078511869623850303,0.028571428571428574,0.030136799752012958,-0.14285714285714288,0.09752039814223
2025-05-27,test,up-stressed,0.31428571428571428,0.3933023016188304,-0.028571428571428574,0.084567508876523215,0.20000000000000001,0.2089581520486003
2025-05-28,test,up-calm,-0.82857142857142874,-0.84602153567089511,0.085714285714285729,-0.087279497824610933,-0.3714285714285715,-0.31296004656036558
2025-05-29,test,up-calm,0.88571428571428579,0.92003463457818824,0.14285714285714288,0.21539998211117931,-0.31428571428571428,0.018490848084264877
2025-05-30,test,up-calm,-0.54285714285714293,-0.65798147217887204,-0.3714285714285715,-0.41212052439092972,-0.31428571428571428,-0.24107414925463558
2025-06-02,test,up-calm,-0.085714285714285729,-0.01858691708865114,-0.085714285714285729,-0.046010884025505572,0.028571428571428574,0.038056272788880463
2025-06-03,test,up-calm,0.31428571428571428,0.40068932060501433,-0.14285714285714288,0.3769311828348485,-0.085714285714285729,-0.10067991930147659
2025-06-04,test,up-calm,-0.31428571428571428,-0.3998549776893156,-0.14285714285714288,0.15178339183539433,-0.085714285714285729,-0.18479206644352428
2025-06-05,test,up-calm,0.085714285714285729,0.17844216786133893,0.085714285714285729,0.23115764401048849,0.59999999999999998,0.1557944215415186
2025-06-06,test,down-calm,0.14285714285714288,0.24989889310730046,0.59999999999999998,0.367784220935646,0.14285714285714288,-0.11386614041765278
2025-06-09,test,down-calm,0.14285714285714288,0.22640585843996899,-0.4285714285714286,-0.37945869018363232,0.25714285714285717,0.21035934566155295
2025-06-10,test,down-calm,-0.14285714285714288,-0.2591579581889728,-0.7142857142857143,-0.43034186747366954,0.20000000000000001,0.031703703546932478
2025-06-11,test,down-calm,-0.085714285714285729,0.021017254100045058,-0.14285714285714288,-0.28937732544719019,-0.54285714285714293,-0.37226753173597282
2025-06-12,test,down-calm,0.20000000000000001,0.42007111534211672,-0.028571428571428574,-0.17001867784825467,-0.14285714285714288,-0.32353044254376262
2025-06-13,test,down-stressed,-0.31428571428571428,-0.32701187391282338,-0.59999999999999998,-0.27540378687679284,-0.3714285714285715,-0.33203021265944233
2025-06-16,test,down-stressed,-0.20000000000000001,-0.0086785468652588512,-0.14285714285714288,-0.18372265342950689,-0.25714285714285717,-0.15542052901386491
2025-06-17,test,down-calm,-0.59999999999999998,-0.59726080469837484,0.085714285714285729,0.12080104011517284,-0.48571428571428577,-0.19954420276193555
2025-06-18,test,down-stressed,0.028571428571428574,0.10702033218433038,0.085714285714285729,-0.47634698614794241,-0.48571428571428577,-0.22637625821700458
2025-06-19,test,down-stressed,-0.20000000000000001,-0.20620582714163174,-0.59999999999999998,-0.69078674889272729,-0.31428571428571428,-0.061418593538389452
2025-06-20,test,down-stressed,-0.3714285714285715,-0.55677281484525032,-0.88571428571428579,-0.90779093813901712,-0.4285714285714286,-0.413096905698837
2025-06-23,test,down-stressed,0.48571428571428577,0.29185698987490083,0.085714285714285729,0.022993884798360686,0.20000000000000001,0.24386594618857241
2025-06-24,test,down-stressed,-0.65714285714285725,-0.57782704313063771,-0.14285714285714288,-0.24240888950134623,0.20000000000000001,0.26753140731733194
2025-06-25,test,down-calm,-0.14285714285714288,-0.11185678551570956,-0.14285714285714288,-0.23852000630181916,0.085714285714285729,0.12218039895542933
2025-06-26,test,down-calm,-0.14285714285714288,-0.065827711175097198,0.59999999999999998,0.58094324993892676,0.82857142857142874,0.82065543513577788
2025-06-27,test,down-calm,0.4285714285714286,0.6532727800128636,0.085714285714285729,0.53266325578136076,0.14285714285714288,0.53611647020751596
2025-06-30,test,down-calm,0.65714285714285725,0.45273952202284723,-0.14285714285714288,0.16599972968427654,-0.085714285714285729,-0.0089245739744412515
2025-07-01,test,down-calm,0.14285714285714288,-0.00084753357651375278,-0.14285714285714288,-0.061189188934085821,0.20000000000000001,0.0071391935436921289
2025-07-02,test,down-calm,-0.48571428571428577,-0.61400551172629381,0.085714285714285729,-0.014682497570877437,0.14285714285714288,-0.05952065466850627
2025-07-03,test,down-calm,-0.25714285714285717,-0.63005788232741278,-0.31428571428571428,-0.54670183826345564,0.085714285714285729,-0.12324694041323786
2025-07-04,test,down-calm,-0.14285714285714288,-0.13454606352034923,-0.085714285714285729,-0.28007126610994121,0.3714285714285715,0.11025334518078844
2025-07-07,test,down-calm,0.085714285714285729,0.28401512622896813,-0.25714285714285717,-0.46655785983011255,0.3714285714285715,0.27125010920756948
2025-07-08,test,down-calm,0.3714285714285715,0.28089285125270119,0.20000000000000001,-0.087171892859833969,0.3714285714285715,0.37043000115379632
2025-07-09,test,down-calm,-0.4285714285714286,-0.40016456166959352,0.3714285714285715,0.22745422122130815,0.77142857142857146,0.57822855181666222
2025-07-10,test,down-calm,0.48571428571428577,0.55775400278328313,0.77142857142857146,0.70323660658429965,0.88571428571428579,0.82160199097803621
2025-07-11,test,down-calm,-0.085714285714285729,-0.29175218975778683,0.48571428571428577,0.65812423426007005,0.82857142857142874,0.82802824279683418
2025-07-14,test,down-calm,0.085714285714285729,-0.076020167657636459,0.48571428571428577,0.36929785808942683,0.20000000000000001,0.24492136144068785
2025-07-15,test,down-calm,0.3714285714285715,0.53611965545054163,0.7142857142857143,0.72667649273526969,0.48571428571428577,0.63327455945690969
2025-07-16,test,down-stressed,0.54285714285714293,0.63705695611832647,0.3714285714285715,0.58874360662486636,0.25714285714285717,0.41194302198470395
2025-07-17,test,down-stressed,0.25714285714285717,0.029057824377687305,0.59999999999999998,0.60992155612121868,0.48571428571428577,0.39120646953337651
2025-07-18,test,down-stressed,0.14285714285714288,0.31044760810242561,0.4285714285714286,0.34998218171009116,0.82857142857142874,0.75897659689318298
2025-07-21,test,down-stressed,0.7142857142857143,0.42288310576272131,0.20000000000000001,0.19644658664444073,0.59999999999999998,0.57612385329679194
2025-07-22,test,down-stressed,0.085714285714285729,0.17738147444453528,-0.31428571428571428,-0.14290433529207014,0.31428571428571428,0.23254082940822829
2025-07-23,test,down-stressed,-0.65714285714285725,-0.75484055179707954,-0.085714285714285729,-0.19147016798001801,-0.25714285714285717,-0.23517289433255828
2025-07-24,test,down-stressed,0.48571428571428577,0.25070523169505282,0.25714285714285717,0.027930701175442434,0.085714285714285729,-0.025320674137502459
2025-07-25,test,down-stressed,-0.085714285714285729,-0.16291394828816963,-0.085714285714285729,-0.12302236140767212,0.20000000000000001,-0.12568706907607033
2025-07-28,test,down-stressed,-0.085714285714285729,-0.25204997611205093,0.085714285714285729,-0.11200630908231829,-0.20000000000000001,-0.076685930659013524
2025-07-29,test,down-stressed,-0.20000000000000001,-0.044210545755104969,0.028571428571428574,0.0046277817113297834,,
2025-07-30,test,down-stressed,-0.3714285714285715,-0.098999218612544987,-0.14285714285714288,-0.19147304165079243,,
2025-07-31,test,down-stressed,-0.54285714285714293,-0.46250732054879579,-0.085714285714285729,-0.27824366470757167,,
2025-08-01,test,down-stressed,-0.20000000000000001,-0.10101373329026586,0.4285714285714286,0.48754914200570698,,
2025-08-04,test,down-stressed,0.31428571428571428,0.047119979411509014,0.25714285714285717,0.47799255565820631,,
2025-08-05,test,down-stressed,-0.3714285714285715,-0.40541832073949841,,,,
2025-08-06,test,down-stressed,-0.085714285714285729,0.055729846836866062,,,,
2025-08-07,test,down-stressed,-0.3714285714285715,-0.25866304023983033,,,,
2025-08-08,test,down-stressed,0.54285714285714293,0.37011848790733726,,,,
2025-08-11,test,down-stressed,,,,,,
