episode_id,split,role,episode_number,asset,side,entry_timestamp,last_earning_timestamp,exit_timestamp,entry_action,exit_action,left_censored,right_censored,complete,decision_bars,entry_weight,last_executed_weight,peak_abs_weight,average_abs_weight,gross_contribution,entry_cost,holding_cost,exit_cost,total_cost,net_contribution,maximum_favorable_excursion,maximum_adverse_excursion,intent_mismatch_bars,no_trade_bars,risk_override_bars
train:ALPHA:0001,train,training,1,ALPHA,long,2024-02-02,2024-02-08,2024-02-09,open_long,close_long,False,False,True,5,0.28634486931219078,0.17204051257698905,0.28783350708545985,0.24611961996328593,-0.00021182904517748043,0.00028634486931219076,0.00027411233446180398,0.00017055003474667383,0.00073100723852066859,-0.00094283628369814902,0.0039619511561394521,-0.00094283628369814902,0,0,0
train:ALPHA:0002,train,training,2,ALPHA,long,2024-02-13,2024-02-19,2024-02-20,open_long,reverse_long_to_short,False,False,True,5,0.16133952416410524,0.058755593560945459,0.20000000000000001,0.13527853377219054,0.0024670660907667318,0.00016133952416410525,0.0001775935493042521,5.8469479074769986e-05,0.00039740255254312734,0.0020696635382236044,0.003112867873045514,0,0,0,0
train:ALPHA:0003,train,training,3,ALPHA,short,2024-02-20,2024-02-22,2024-02-23,reverse_long_to_short,close_short,False,False,True,3,-0.20000000000000001,-0.20000000000000001,0.20000000000000001,0.20000000000000004,-0.0011165057999911632,0.00020000000000000004,7.2580042861425386e-07,0.00020280181207861246,0.00040352761250722678,-0.0015200334124983901,0.00026936323402346738,-0.0015200334124983901,0,0,0
train:ALPHA:0004,train,training,4,ALPHA,long,2024-02-27,2024-02-27,2024-02-28,open_long,close_long,False,False,True,1,0.21786885570916711,0.21786885570916711,0.21786885570916711,0.21786885570916711,0.00051148368683377201,0.00021786885570916712,0,0.00021840906818494389,0.00043627792389411101,7.5205762939661001e-05,0.00029361483112460489,0,0,0,0
train:ALPHA:0005,train,training,5,ALPHA,long,2024-03-01,2024-03-08,2024-03-11,open_long,close_long,False,False,True,6,0.15958188131807305,0.051499712596000627,0.20000000000000001,0.1604694265205143,-0.0039986443021144263,0.00015958188131807305,0.00019755390549164388,5.0973457450841063e-05,0.00040810924426055799,-0.0044067535463749846,0.0037759831425072856,-0.0044067535463749837,0,0,0
train:ALPHA:0006,train,training,6,ALPHA,short,2024-03-12,2024-04-16,2024-04-17,open_short,close_short,False,False,True,26,-0.29999999999999999,-0.20000000000000001,0.29999999999999999,0.2372795930414682,0.0077491863484573037,0.00029999999999999997,0.00093058365436854407,0.0001955793737453243,0.0014261630281138685,0.0063230233203434355,0.01769119773522608,-0.0072645962639142471,0,0,0
train:ALPHA:0007,train,training,7,ALPHA,long,2024-04-25,2024-04-29,2024-04-30,open_long,close_long,False,False,True,3,0.28401863949431022,0.29549969470533555,0.29549969470533555,0.28262939453051222,-0.0048476457606715755,0.00028401863949431024,4.2773094107073363e-05,0.00029336129219155514,0.00062015302579293877,-0.0054677987864645144,0,-0.0054677987864645136,0,0,0
train:ALPHA:0008,train,training,8,ALPHA,short,2024-05-01,2024-05-24,2024-05-27,open_short,reverse_short_to_long,False,False,True,18,-0.17034589446572271,-0.043198343837541626,0.29999999999999999,0.23591256275934366,0.0096427349108603438,0.0001703458944657227,0.0004944742350748493,4.424145980546957e-05,0.00070906158934604167,0.0089336733215143026,0.017695740402370781,0,0,0,0
train:ALPHA:0009,train,training,9,ALPHA,long,2024-05-27,2024-06-10,2024-06-11,reverse_short_to_long,reverse_long_to_short,False,False,True,11,0.20000000000000001,0.037641479118320748,0.27659675444362508,0.18313477901338515,-0.0035076794084219418,0.00020000000000000004,0.00032498113603367506,3.7283712815673466e-05,0.0005622648488493486,-0.00406994425727129,0.0086941054497107154,-0.0065440260046923087,0,0,0
train:ALPHA:0010,train,training,10,ALPHA,short,2024-06-11,2024-06-12,2024-06-13,reverse_long_to_short,reverse_short_to_long,False,False,True,2,-0.21217054214275219,-0.24278893927188477,0.24278893927188477,0.22747974070731847,-0.0068122046862720024,0.00021217054214275218,2.7913813936864097e-05,0.00024978863681955594,0.0004898729928991722,-0.0073020776791711747,0,-0.0073020776791711747,0,0,0
train:ALPHA:0011,train,training,11,ALPHA,long,2024-06-13,2024-06-26,2024-06-27,reverse_short_to_long,close_long,False,False,True,10,0.15129600295611012,0.049102734763743355,0.20000000000000001,0.097314467565386129,-0.0047111688862087019,0.00015129600295611011,0.00041631299518274405,4.8852569996891686e-05,0.00061646156813574581,-0.0053276304543444473,0.001212000835800065,-0.005594471170909476,0,0,0
train:ALPHA:0012,train,training,12,ALPHA,long,2024-07-02,2024-08-13,2024-08-14,open_long,close_long,False,False,True,31,0.16463340920921174,0.057075438498760671,0.29999999999999999,0.23947485670464874,0.012760752757389268,0.00016463340920921176,0.0013126582188944995,5.6673298011723383e-05,0.0015339649261154346,0.011226787831273833,0.017763336611654197,-0.00037574363021909175,0,0,0
train:ALPHA:0013,train,training,13,ALPHA,short,2024-08-19,2024-08-28,2024-08-29,open_short,close_short,False,False,True,8,-0.19644295586191096,-0.059199930868353394,0.19644295586191096,0.078321805538047642,-0.0023940828741415491,0.00019644295586191096,0.0001364083687400887,5.9933424776049584e-05,0.00039278474937804928,-0.0027868676235195985,0,-0.0027868676235195985,0,0,0
train:ALPHA:0014,train,training,14,ALPHA,long,2024-08-30,2024-09-11,2024-09-12,open_long,close_long,False,False,True,9,0.16367350105872303,0.050514183010478393,0.29999999999999999,0.22282602243241126,-0.0078710463391964466,0.00016367350105872303,0.00038542278327327486,5.0563411167357306e-05,0.00059965969549935516,-0.0084707060346958015,0.0076445957656502452,-0.0084707060346957998,0,0,0
train:ALPHA:0015,train,training,15,ALPHA,short,2024-09-16,2024-10-16,2024-10-17,open_short,reverse_short_to_long,False,False,True,23,-0.27684994752690212,-0.20000000000000001,0.29999999999999999,0.24205088494765412,0.011989953561354884,0.00027684994752690212,0.0004254164654884951,0.00020233734148700385,0.00090460375450240112,0.011085349806852482,0.02120871095902534,-0.001284071108678122,0,0,0
train:ALPHA:0016,train,training,16,ALPHA,long,2024-10-17,2024-10-23,2024-10-24,reverse_short_to_long,close_long,False,False,True,5,0.20300812415397251,0.058758361637059664,0.29999999999999999,0.13738749588360152,-0.0070694710734663779,0.00020300812415397249,0.00060943712738710195,5.7894832085064613e-05,0.00087034008362613905,-0.0079398111570925176,0,-0.0079398111570925193,0,0,0
train:ALPHA:0017,train,training,17,ALPHA,long,2024-11-06,2024-11-21,2024-11-22,open_long,close_long,False,False,True,12,0.29999999999999999,0.061722081350334898,0.29999999999999999,0.23641758995977968,0.0078786114335639128,0.00029999999999999997,0.0002540709640449352,6.165900276502798e-05,0.00061572996680996311,0.0072628814667539494,0.011319352781013167,0,0,0,0
train:ALPHA:0018,train,training,18,ALPHA,long,2024-11-27,2024-11-27,2024-11-28,open_long,close_long,False,False,True,1,0.18179963643813921,0.18179963643813921,0.18179963643813921,0.18179963643813921,-0.0021694091966735904,0.00018179963643813921,0,0.0001809437535630665,0.00036274339000120571,-0.0025321525866747962,0,-0.0025321525866747957,0,0,0
train:ALPHA:0019,train,training,19,ALPHA,long,2024-12-03,2024-12-17,,open_long,split_boundary_carry,False,True,False,11,0.19370842527701843,0.20000000000000001,0.29999999999999999,0.25465204087358678,0.0067387397464550363,0.00019370842527701844,0.00037726052858816784,0,0.00057096895386518631,0.00616777079258985,0.011144337456984654,0,0,0,0
train:BRAVO:0001,train,training,1,BRAVO,long,2024-01-30,2024-02-02,2024-02-05,open_long,close_long,False,False,True,4,0.29999999999999999,0.21365513068780917,0.29999999999999999,0.27841378267195227,0.0032798263864305399,0.00029999999999999997,8.5096220457685283e-05,0.00021330846245557972,0.00059840468291326497,0.0026814217035172751,0.0045218897628788368,0,0,0,0
train:BRAVO:0002,train,training,2,BRAVO,long,2024-02-06,2024-02-13,2024-02-14,open_long,close_long,False,False,True,6,0.17493267949601532,0.057589444385986288,0.20800559385823494,0.12992041128097861,-0.00063189470874798806,0.00017493267949601532,0.00039969929082526502,5.6923298436242844e-05,0.00063155526875752308,-0.0012634499775055113,0.0023751670532005213,-0.0012634499775055113,0,0,0
train:BRAVO:0003,train,training,3,BRAVO,short,2024-02-23,2024-03-12,2024-03-13,open_short,close_short,False,False,True,13,-0.20326719924037309,-0.20000000000000001,0.29999999999999999,0.24700771459020607,0.0045715605550216525,0.00020326719924037309,0.00063648064052607481,0.00020092351799433592,0.0010406713577607838,0.0035308891972608688,0.016311882779109225,-0.0011805925706960354,0,0,0
train:BRAVO:0004,train,training,4,BRAVO,long,2024-03-14,2024-03-28,2024-03-29,open_long,close_long,False,False,True,11,0.22743194799589178,0.051090170445030912,0.26358747094479124,0.15724208394585013,-0.0027104148235404957,0.00022743194799589177,0.00028368426558288368,5.190469670851828e-05,0.0005630209102872938,-0.0032734357338277897,0.0019187385103516844,-0.0053168148376989887,0,0,0
train:BRAVO:0005,train,training,5,BRAVO,long,2024-04-02,2024-05-06,2024-05-07,open_long,reverse_long_to_short,False,False,True,25,0.29999999999999999,0.052149369935472409,0.29999999999999999,0.23701646676100022,0.03343049854408317,0.00029999999999999997,0.00077891325687812663,5.1765661050407274e-05,0.0011306789179285337,0.032299819626154636,0.034799635872266671,0,0,0,0
train:BRAVO:0006,train,training,6,BRAVO,short,2024-05-07,2024-05-09,2024-05-10,reverse_long_to_short,close_short,False,False,True,3,-0.17949370191744982,-0.05813888060211269,0.17949370191744982,0.099171975966311166,-0.0010970789485968498,0.00017949370191744986,0.00012202671122157152,5.7852110274544441e-05,0.0003593725234135658,-0.0014564514720104157,0,-0.0018021814811324667,0,0,0
train:BRAVO:0007,train,training,7,BRAVO,short,2024-05-14,2024-05-20,2024-05-21,open_short,close_short,False,False,True,5,-0.15099429701010081,-0.052422901944831644,0.15099429701010081,0.093456439425108631,-0.0033078158160941766,0.00015099429701010081,0.00010013651251730376,5.3172097172201226e-05,0.00030430290669960575,-0.0036121187227937824,0,-0.003612118722793782,0,0,0
train:BRAVO:0008,train,training,8,BRAVO,long,2024-05-23,2024-06-19,2024-06-20,open_long,close_long,False,False,True,20,0.29999999999999999,0.060089720034234247,0.29999999999999999,0.27592729403144656,0.031360471595243453,0.00029999999999999997,0.00052110327073124772,5.8470427173426976e-05,0.00087957369790467462,0.03048089789733878,0.038850243935790882,-0.0029009840323523822,0,0,0
train:BRAVO:0009,train,training,9,BRAVO,short,2024-06-26,2024-07-05,2024-07-08,open_short,reverse_short_to_long,False,False,True,8,-0.15827359639189698,-0.05009417688379391,0.29999999999999999,0.18217857686406916,0.00047185312593208133,0.00015827359639189698,0.00041416184425346501,5.1221220277924539e-05,0.00062365666092328658,-0.00015180353499120525,0.0091216634806760705,-0.00015180353499120471,0,0,0
train:BRAVO:0010,train,training,10,BRAVO,long,2024-07-08,2024-08-02,2024-08-05,reverse_short_to_long,close_long,False,False,True,20,0.20000000000000001,0.048427581475981099,0.28358645759483353,0.12944014483211536,-0.0051705713653419387,0.00019999999999999998,0.0019103095913581588,4.7689264398095801e-05,0.0021579988557562549,-0.0073285702210981931,0.0023496552360841882,-0.0073285702210981948,0,0,0
train:BRAVO:0011,train,training,11,BRAVO,short,2024-08-07,2024-10-10,2024-10-11,open_short,close_short,False,False,True,47,-0.17092736854786628,-0.045961428322702065,0.29999999999999999,0.22209068709955634,0.048108463022696078,0.00017092736854786627,0.0019287798735245056,4.5723339661638966e-05,0.0021454305817340106,0.045963032440962066,0.054250595749092696,0,0,0,0
train:BRAVO:0012,train,training,12,BRAVO,long,2024-10-14,2024-10-16,2024-10-17,open_long,close_long,False,False,True,3,0.16878779082816014,0.29999999999999999,0.29999999999999999,0.21120632253537552,-0.005068961743093502,0.00016878779082816014,0.00013937141059266661,0.00029549640071298321,0.00060365560213380997,-0.0056726173452273116,0,-0.0056726173452273116,0,0,0
train:BRAVO:0013,train,training,13,BRAVO,long,2024-10-18,2024-11-05,2024-11-06,open_long,close_long,False,False,True,13,0.26114538451373925,0.20000000000000001,0.26114538451373925,0.12682481117450958,-0.0011524230025540792,0.00026114538451373927,0.00058876488416318199,0.00020027693393963176,0.001050187202616553,-0.002202610205170632,0.0036043341185374314,-0.0022026102051706325,0,0,0
train:BRAVO:0014,train,training,14,BRAVO,long,2024-11-08,2024-11-08,2024-11-11,open_long,reverse_long_to_short,False,False,True,1,0.20000000000000001,0.20000000000000001,0.20000000000000001,0.20000000000000001,-0.0035314115490629352,0.00020000000000000001,0,0.00019859860988328458,0.00039859860988328462,-0.0039300101589462202,0,-0.0039300101589462202,0,0,0
train:BRAVO:0015,train,training,15,BRAVO,short,2024-11-11,2024-11-11,2024-11-12,reverse_long_to_short,close_short,False,False,True,1,-0.15659545147953191,-0.15659545147953191,0.15659545147953191,0.15659545147953191,-0.0028981929738761945,0.00015659545147953197,0,0.00015872443216070033,0.00031531988364023227,-0.0032135128575164268,0,-0.0032135128575164268,0,0,0
train:BRAVO:0016,train,training,16,BRAVO,long,2024-11-20,2024-11-29,2024-12-02,open_long,reverse_long_to_short,False,False,True,8,0.15559406172777249,0.058123771296480178,0.20000000000000001,0.13368607281592271,-0.0035277717253766354,0.00015559406172777247,0.00021561212246587052,5.7883184430550131e-05,0.00042908936862419314,-0.0039568610940008287,0,-0.0039568610940008287,0,0,0
train:BRAVO:0017,train,training,17,BRAVO,short,2024-12-02,2024-12-17,,reverse_long_to_short,split_boundary_carry,False,True,False,12,-0.29999999999999999,-0.20000000000000001,0.29999999999999999,0.27808243807362737,0.0034490208191528143,0.00029999999999999997,0.00032984866221712498,0,0.00062984866221712501,0.0028191721569356893,0.012643753670137817,-0.00074680420067177976,0,0,0
train:CHARLIE:0001,train,training,1,CHARLIE,short,2024-01-30,2024-02-26,2024-02-27,open_short,close_short,False,False,True,20,-0.28620183231980351,-0.054160696419197504,0.29999999999999999,0.24933884809078838,0.0075287494969844201,0.0002862018323198035,0.00061397187113878355,5.4221145028252857e-05,0.00095439484848683994,0.0065743546484975804,0.014095579148031376,0,0,0,0
train:CHARLIE:0002,train,training,2,CHARLIE,long,2024-02-28,2024-04-18,2024-04-19,open_long,close_long,False,False,True,37,0.29999999999999999,0.20000000000000001,0.29999999999999999,0.21637680315789715,0.022091793671437859,0.00029999999999999997,0.0017169168445721891,0.00019485258244810423,0.0022117694270202934,0.019880024244417566,0.028353495160799186,0,0,0,0
train:CHARLIE:0003,train,training,3,CHARLIE,short,2024-04-24,2024-05-06,2024-05-07,open_short,close_short,False,False,True,9,-0.24983229784985209,-0.16383154850838497,0.29999999999999999,0.23668065525613993,-0.0061100765511204382,0.00024983229784985206,0.00047131096840762889,0.00016687516900662632,0.00088801843526410728,-0.0069980949863845451,0,-0.0069980949863845451,0,0,0
train:CHARLIE:0004,train,training,4,CHARLIE,long,2024-05-10,2024-05-20,2024-05-21,open_long,close_long,False,False,True,7,0.20000000000000001,0.052360490626114774,0.28339387670182498,0.10439175697534235,6.2478333547747426e-05,0.00020000000000000001,0.00031837397119666307,5.2093469424033381e-05,0.00057046744062069646,-0.00050798910707294906,0.0034241598085152929,-0.00088243191126215518,0,0,0
train:CHARLIE:0005,train,training,5,CHARLIE,long,2024-05-24,2024-05-24,2024-05-27,open_long,close_long,False,False,True,1,0.17275290983386651,0.17275290983386651,0.17275290983386651,0.17275290983386651,-0.0024064590670929203,0.00017275290983386651,0,0.000171400174881844,0.0003441530847157105,-0.0027506121518086307,0,-0.0027506121518086311,0,0,0
train:CHARLIE:0006,train,training,6,CHARLIE,short,2024-06-11,2024-06-14,2024-06-17,open_short,close_short,False,False,True,4,-0.22293510422946217,-0.060958680765536843,0.25721106072811528,0.15046372364171567,-0.0045842794093946555,0.00022293510422946214,0.00023405088023111835,6.2297552649749738e-05,0.00051928353711033022,-0.0051035629465049854,0,-0.0051035629465049854,0,0,0
train:CHARLIE:0007,train,training,7,CHARLIE,short,2024-06-18,2024-06-19,2024-06-20,open_short,reverse_short_to_long,False,False,True,2,-0.20000000000000001,-0.069463905725802119,0.20000000000000001,0.13473195286290107,-0.0039136434442249828,0.00020000000000000001,0.00013741260211131169,6.9969834528315478e-05,0.0004073824366396272,-0.0043210258808646096,0,-0.0043210258808646113,0,0,0
train:CHARLIE:0008,train,training,8,CHARLIE,long,2024-06-20,2024-07-05,2024-07-08,reverse_short_to_long,reverse_long_to_short,False,False,True,12,0.21439310220983404,0.072433081514077249,0.22448553628080653,0.16758348460238456,-0.003668586414983869,0.000214393102209834,0.00017815703641749299,7.223215087846579e-05,0.00046478228950579278,-0.004133368704489662,0.0046467167415776651,-0.004133368704489662,0,0,0
train:CHARLIE:0009,train,training,9,CHARLIE,short,2024-07-08,2024-09-18,2024-09-19,reverse_long_to_short,reverse_short_to_long,False,False,True,53,-0.20030145462960938,-0.045297232076084396,0.29999999999999999,0.24534379261176087,0.076177641055567555,0.00020030145462960935,0.0019461552437020221,4.5107220751349058e-05,0.0021915639190829804,0.073986077136484571,0.079526121724659782,0,0,0,0
train:CHARLIE:0010,train,training,10,CHARLIE,long,2024-09-19,2024-10-01,2024-10-02,reverse_short_to_long,close_long,False,False,True,9,0.15570603104955835,0.29999999999999999,0.29999999999999999,0.19754885612081363,-0.0010024655801975316,0.00015570603104955835,0.00016345435299072397,0.00029741415407821706,0.00061657453811849935,-0.001619040118316031,0.0027377507468412474,-0.0016190401183160306,0,0,0
train:CHARLIE:0011,train,training,11,CHARLIE,short,2024-10-10,2024-10-15,2024-10-16,open_short,close_short,False,False,True,4,-0.15980899147171201,-0.057835848165022394,0.15980899147171201,0.082571444459437982,-0.0019884445915141881,0.00015980899147171202,0.00010660033719856596,5.8177029052138349e-05,0.00032458635772241633,-0.0023130309492366045,0,-0.0023130309492366045,0,0,0
train:CHARLIE:0012,train,training,12,CHARLIE,short,2024-10-17,2024-10-18,2024-10-21,open_short,close_short,False,False,True,2,-0.2129920188868136,-0.071064789578552848,0.2129920188868136,0.14202840423268323,-0.00049095299823429558,0.00021299201888681362,0.0001421776688533987,7.1365279780749341e-05,0.00042653496752096168,-0.00091748796575525727,0,-0.00091748796575525727,0,0,0
train:CHARLIE:0013,train,training,13,CHARLIE,long,2024-10-22,2024-11-04,2024-11-05,open_long,close_long,False,False,True,10,0.29999999999999999,0.18201184891415723,0.29999999999999999,0.18040201118803734,-0.0011347656658208085,0.00029999999999999997,0.00036542415383898744,0.00018029613651450869,0.00084572029035349613,-0.0019804859561743044,0.0017482661155876383,-0.0019804859561743048,0,0,0
train:CHARLIE:0014,train,training,14,CHARLIE,long,2024-11-07,2024-11-07,2024-11-08,open_long,reverse_long_to_short,False,False,True,1,0.20000000000000001,0.20000000000000001,0.20000000000000001,0.20000000000000001,-0.0047242125612091184,0.00020000000000000001,0,0.00019574173845736569,0.0003957417384573657,-0.0051199542996664838,0,-0.0051199542996664838,0,0,0
train:CHARLIE:0015,train,training,15,CHARLIE,short,2024-11-08,2024-12-04,2024-12-05,reverse_long_to_short,close_short,False,False,True,19,-0.16578302322760236,-0.20000000000000001,0.29999999999999999,0.22836180543253659,0.012929855609513275,0.0001657830232276024,0.0011362933128676769,0.00019963253103993632,0.0015017088671352157,0.01142814674237806,0.01646948561451201,0,0,0,0
train:CHARLIE:0016,train,training,16,CHARLIE,short,2024-12-12,2024-12-17,,open_short,split_boundary_carry,False,True,False,4,-0.15884922719694719,-0.29999999999999999,0.29999999999999999,0.19393653896451907,0.0025195421837414279,0.00015884922719694718,0.00014704336978760627,0,0.00030589259698455347,0.0022136495867568747,0.0022136495867568742,-0.0027042382719531647,0,0,0
train:DELTA:0001,train,training,1,DELTA,short,2024-02-13,2024-02-19,2024-02-20,open_short,close_short,False,False,True,5,-0.14371902536384082,-0.2026241283484555,0.2026241283484555,0.18847090487626134,-0.0019066523085321647,0.00014371902536384083,6.3450224682410708e-05,0.00020285788673267652,0.00041002713677892806,-0.0023166794453110926,0.0029024566115503454,-0.0023166794453110921,0,0,0
train:DELTA:0002,train,training,2,DELTA,long,2024-02-21,2024-02-26,2024-02-27,open_long,close_long,False,False,True,4,0.12982573319146251,0.20000000000000001,0.28110830545605364,0.20273350966187903,-0.0042872610633649302,0.00012982573319146251,0.00022457733542816062,0.00019745817031193845,0.00055186123893156155,-0.004839122302296492,0.0027926466480957188,-0.0048391223022964903,0,0,0
train:DELTA:0003,train,training,3,DELTA,long,2024-02-28,2024-03-04,2024-03-05,open_long,close_long,False,False,True,4,0.13989663310087486,0.038622531336040329,0.13989663310087486,0.089589966517776176,-0.0039847689390316646,0.00013989663310087487,9.6929518053778268e-05,3.8325658973066418e-05,0.00027515181012771953,-0.0042599207491593842,0,-0.00431713119849757,1,0,0
train:DELTA:0004,train,training,4,DELTA,short,2024-03-06,2024-03-11,2024-03-12,open_short,close_short,False,False,True,4,-0.14256709853994748,-0.20000000000000001,0.24496586410363957,0.18215544440637677,-0.0052572809155406863,0.00014256709853994746,0.00015357770653504348,0.00020184128679204906,0.00049798609186703998,-0.005755267007407726,0,-0.005755267007407726,0,0,0
train:DELTA:0005,train,training,5,DELTA,short,2024-03-13,2024-03-14,2024-03-15,open_short,reverse_short_to_long,False,False,True,2,-0.20000000000000001,-0.042252757523095576,0.20000000000000001,0.12112637876154779,-0.0029817396860520352,0.00020000000000000001,0.00016173027420698707,4.1829012247604842e-05,0.00040355928645459193,-0.003385298972506627,0,-0.0034519120578797358,0,0,0
train:DELTA:0006,train,training,6,DELTA,long,2024-03-15,2024-03-20,2024-03-21,reverse_short_to_long,reverse_long_to_short,False,False,True,4,0.15937487005398446,0.046177128333524352,0.15937487005398446,0.074729676906322498,-0.0058482751469362305,0.00015937487005398447,0.00011040575369833189,4.5138123486921393e-05,0.00031491874723923774,-0.006163193894175468,0,-0.0061631938941754689,0,0,0
train:DELTA:0007,train,training,7,DELTA,short,2024-03-21,2024-04-03,2024-04-04,reverse_long_to_short,close_short,False,False,True,10,-0.14655435715325862,-0.041844291843594734,0.29999999999999999,0.18333216419315526,-0.012804429662932708,0.00014655435715325865,0.00043517595119930578,4.14145978884773e-05,0.00062314490624104169,-0.013427574569173749,0.0013287019763476352,-0.013778437137890653,0,0,0
train:DELTA:0008,train,training,8,DELTA,long,2024-04-05,2024-04-15,2024-04-16,open_long,close_long,False,False,True,7,0.13341317809871447,0.046378087560598386,0.14202247582839347,0.095725263638857888,0.0025207918529719098,0.00013341317809871446,0.00028798692737373819,4.5250383187449912e-05,0.00046665048865990257,0.0020541413643120074,0.0033829563767886076,-0.0011991547860023648,0,0,0
train:DELTA:0009,train,training,9,DELTA,short,2024-04-17,2024-04-17,2024-04-18,open_short,close_short,False,False,True,1,-0.20000000000000001,-0.20000000000000001,0.20000000000000001,0.20000000000000001,-0.005121234134538577,0.00020000000000000001,0,0.0002075449173076604,0.00040754491730766041,-0.0055287790518462375,0,-0.0055287790518462367,0,0,0
train:DELTA:0010,train,training,10,DELTA,long,2024-04-19,2024-04-26,2024-04-29,open_long,close_long,False,False,True,6,0.20000000000000001,0.047001804188420079,0.25317008161976945,0.18323818425101449,-0.00011425791934664166,0.00020000000000000001,0.00026082697645073128,4.6570948938374876e-05,0.00050739792538910609,-0.00062165584473574775,0.0018006936777574781,-0.00062165584473574808,0,0,0
train:DELTA:0011,train,training,11,DELTA,long,2024-04-30,2024-05-01,2024-05-02,open_long,close_long,False,False,True,2,0.29176325516832841,0.29229782319722003,0.29229782319722003,0.29203053918277422,-0.0006335138304481054,0.00029176325516832842,9.374736646197146e-07,0.00029109312155982761,0.00058379385039277571,-0.001217307680840881,0.00067089034636736507,-0.0012173076808408812,0,0,0
train:DELTA:0012,train,training,12,DELTA,short,2024-05-03,2024-05-10,2024-05-13,open_short,close_short,False,False,True,6,-0.1725850633524407,-0.0522321130195414,0.1725850633524407,0.11328265989367774,-0.0040363760935780545,0.0001725850633524407,0.00035417643333124615,5.3014962341585317e-05,0.00057977645902527217,-0.0046161525526033269,0,-0.0046161525526033269,0,0,0
train:DELTA:0013,train,training,13,DELTA,long,2024-05-14,2024-05-24,2024-05-27,open_long,reverse_long_to_short,False,False,True,9,0.15741125535388284,0.054917742382672163,0.29999999999999999,0.21259456488914388,-0.0040653281439266224,0.00015741125535388286,0.0003846815203819656,5.3752801591025188e-05,0.00059584557732687371,-0.0046611737212534964,0.0050110134245651104,-0.0046611737212534955,0,0,0
train:DELTA:0014,train,training,14,DELTA,short,2024-05-27,2024-06-10,2024-06-11,reverse_long_to_short,close_short,False,False,True,11,-0.20000000000000001,-0.20000000000000001,0.2768860630081319,0.24799919504782678,0.0067197546341236335,0.00019999999999999998,0.00022882860037915192,0.00019482575293658914,0.00062365435331574099,0.0060961002808078927,0.014531714163827118,0,0,0,0
train:DELTA:0015,train,training,15,DELTA,long,2024-06-12,2024-06-14,2024-06-17,open_long,close_long,False,False,True,3,0.20000000000000001,0.1504585186440287,0.20000000000000001,0.13378778919953246,-0.0045433915569300593,0.00020000000000000001,0.0002468386943068898,0.00014895879267127398,0.00059579748697816386,-0.0051391890439082231,0,-0.005139189043908224,0,0,0
train:DELTA:0016,train,training,16,DELTA,short,2024-06-19,2024-07-05,2024-07-08,open_short,close_short,False,False,True,13,-0.13053609427419791,-0.14990582311620612,0.29999999999999999,0.23155195417884766,0.013669255929996627,0.0001305360942741979,0.00042227693161857685,0.00015323727760931737,0.00070605030350209212,0.012963205626494535,0.016122108938900256,0,0,0,0
train:DELTA:0017,train,training,17,DELTA,long,2024-07-09,2024-07-16,2024-07-17,open_long,close_long,False,False,True,6,0.15383929118207809,0.1428335054517112,0.2529022685447066,0.13415957120115829,-0.010649215824548603,0.00015383929118207809,0.00041248580288265075,0.00013986135016669422,0.00070618644423142305,-0.011355402268780027,0,-0.011355402268780025,0,0,0
train:DELTA:0018,train,training,18,DELTA,short,2024-07-22,2024-08-13,2024-08-14,open_short,close_short,False,False,True,17,-0.13537800131367841,-0.050834715045193643,0.22357951626946546,0.1024109605941094,-0.0040615244129563813,0.0001353780013136784,0.00081819580945300589,5.1282893246305049e-05,0.0010048567040129893,-0.0050663811169693708,0.0038802421796063683,-0.0050663811169693726,0,0,0
train:DELTA:0019,train,training,19,DELTA,long,2024-09-18,2024-10-15,2024-10-16,open_long,close_long,False,False,True,20,0.16533941928253112,0.062685006175779101,0.29999999999999999,0.14522357521123228,-0.0005095749056763172,0.00016533941928253114,0.0011010575095510811,6.2708059221986022e-05,0.0013291049880555985,-0.0018386798937319157,0.0055846894592438481,-0.0037907207859085249,0,0,0
train:DELTA:0020,train,training,20,DELTA,short,2024-10-18,2024-10-23,2024-10-24,open_short,reverse_short_to_long,False,False,True,4,-0.16551933172086908,-0.057449609995486692,0.20000000000000001,0.11996391042638747,-0.0019825661599068658,0.00016551933172086907,0.00018330243027683192,5.8041666458721559e-05,0.00040686342845642251,-0.0023894295883632884,0.0017093957497583737,-0.002389429588363288,0,0,0
train:DELTA:0021,train,training,21,DELTA,long,2024-10-24,2024-11-06,2024-11-07,reverse_short_to_long,reverse_long_to_short,False,False,True,10,0.15468784764171867,0.20000000000000001,0.29999999999999999,0.25745251027198435,-0.0036470028254628685,0.00015468784764171865,0.00026759229390098307,0.0001974343467321821,0.00061971448827488379,-0.0042667173137377525,0.007146860416211394,-0.0042667173137377525,0,0,0
train:DELTA:0022,train,training,22,DELTA,short,2024-11-07,2024-11-08,2024-11-11,reverse_long_to_short,close_short,False,False,True,2,-0.20000000000000001,-0.053252032920046717,0.20000000000000001,0.12662601646002336,-0.0037405481615315267,0.00020000000000000004,0.00014976667651699202,5.5047544181494764e-05,0.00040481422069848681,-0.0041453623822300138,0,-0.0041453623822300138,0,0,0
train:DELTA:0023,train,training,23,DELTA,short,2024-11-19,2024-12-03,2024-12-04,open_short,close_short,False,False,True,11,-0.26862697356456999,-0.054003826216082802,0.29999999999999999,0.22705118860635787,0.0011036384421142305,0.00026862697356457,0.00049799440243934311,5.3155412537548605e-05,0.00081977678854146176,0.00028386165357276877,0.0039105636091402007,-0.00081070280048125849,0,0,0
train:DELTA:0024,train,training,24,DELTA,short,2024-12-05,2024-12-11,2024-12-12,open_short,close_short,False,False,True,5,-0.20000000000000001,-0.06746345074218045,0.20000000000000001,0.17272595074645392,0.0015339781191190454,0.00020000000000000001,0.00013603345184093858,6.8757548656790077e-05,0.00040479100049772864,0.0011291871186213168,0.0029834817350903728,0,0,0,0
train:ECHO:0001,train,training,1,ECHO,short,2024-01-30,2024-02-13,2024-02-14,open_short,close_short,False,False,True,11,-0.21379816768019649,-0.056280974636159178,0.29999999999999999,0.25588817618050463,-0.0034362667057468684,0.00021379816768019651,0.00051822953730364313,5.607390781848557e-05,0.0007881016128023252,-0.0042243683185491931,0.0060827593766959436,-0.0042243683185491931,0,0,0
train:ECHO:0002,train,training,2,ECHO,long,2024-02-16,2024-02-29,2024-03-01,open_long,close_long,False,False,True,10,0.14108005259005402,0.060588242263790192,0.29999999999999999,0.20026756302996618,-0.00089572558162357558,0.000141080052590054,0.00055624828585509845,5.9980295226422754e-05,0.00075730863367157522,-0.0016530342152951509,0.0029915546690989763,-0.0023016194674406968,0,0,0
train:ECHO:0003,train,training,3,ECHO,long,2024-03-08,2024-03-14,2024-03-15,open_long,close_long,False,False,True,5,0.14850028740399937,0.048906771451430117,0.28902121530458957,0.19009832731187129,-0.001453156945786105,0.00014850028740399937,0.00036927822522419233,4.830910112683486e-05,0.00056608761375502657,-0.0020192445595411316,0.0048504693679637103,-0.0020192445595411312,0,0,0
train:ECHO:0004,train,training,4,ECHO,long,2024-03-21,2024-04-03,2024-04-04,open_long,close_long,False,False,True,10,0.15933729435227573,0.042238719989075829,0.23514695737350227,0.15590074927598799,0.0013827599663234266,0.00015933729435227572,0.00037735424129000511,4.2016078857099404e-05,0.00057870761449938023,0.00080405235182404633,0.0084376718295170201,0,0,0,0
train:ECHO:0005,train,training,5,ECHO,short,2024-04-09,2024-04-15,2024-04-16,open_short,close_short,False,False,True,5,-0.140185160032544,-0.048876665998417564,0.140185160032544,0.066139320044104777,0.0029885449084994745,0.00014018516003254399,9.4656538712413596e-05,4.888899601192569e-05,0.00028373069475688326,0.0027048142137425912,0.0027537032097545168,0,0,0,0
train:ECHO:0006,train,training,6,ECHO,short,2024-04-18,2024-04-26,2024-04-29,open_short,close_short,False,False,True,7,-0.20000000000000001,-0.070865316082904917,0.20000000000000001,0.1618002484835257,-0.0033759533878141559,0.00020000000000000001,0.00039518062002097143,7.0605337601574591e-05,0.00066578595762254605,-0.0040417393454367017,0,-0.0043376096101409691,0,0,0
train:ECHO:0007,train,training,7,ECHO,long,2024-05-02,2024-05-22,2024-05-23,open_long,close_long,False,False,True,15,0.29999999999999999,0.29999999999999999,0.29999999999999999,0.2413547816976582,0.012777182483495938,0.00029999999999999997,0.0006016686022100484,0.0002991862155995836,0.001200854817809632,0.011576327665686306,0.013469280116154904,0,0,0,0
train:ECHO:0008,train,training,8,ECHO,short,2024-05-24,2024-05-24,2024-05-27,open_short,close_short,False,False,True,1,-0.16348208140360049,-0.16348208140360049,0.16348208140360049,0.16348208140360049,-0.00053552064281916145,0.00016348208140360047,0,0.00016503217735335668,0.00032851425875695718,-0.00086403490157611863,0,-0.00086403490157611863,0,0,0
train:ECHO:0009,train,training,9,ECHO,short,2024-05-31,2024-06-11,2024-06-12,open_short,close_short,False,False,True,8,-0.18799113483257551,-0.064894353627785603,0.29999999999999999,0.20051756208111618,6.5631883905654286e-05,0.00018799113483257553,0.00034938593620224021,6.5032633317498769e-05,0.00060240970435231447,-0.00053677782044666016,0.0057846890888385363,-0.00053677782044666091,0,0,0
train:ECHO:0010,train,training,10,ECHO,short,2024-06-13,2024-06-26,2024-06-27,open_short,close_short,False,False,True,10,-0.16400338023286332,-0.076141249794117891,0.29999999999999999,0.23560460786908996,-0.0010322525726234049,0.00016400338023286331,0.00037593751890696429,7.3993120597726678e-05,0.00061393401973755426,-0.0016461865923609591,0.0044780885468287106,-0.0026743070060720781,0,0,0
train:ECHO:0011,train,training,11,ECHO,short,2024-07-04,2024-08-02,2024-08-05,open_short,close_short,False,False,True,22,-0.20811135868771508,-0.065522213098061374,0.29999999999999999,0.19313258525502927,0.01016524685089348,0.00020811135868771506,0.0012269544045509222,6.566113761399593e-05,0.0015007269008526333,0.0086645199500408471,0.013196016330738273,0,0,0,0
train:ECHO:0012,train,training,12,ECHO,long,2024-08-13,2024-09-04,2024-09-05,open_long,close_long,False,False,True,17,0.16380841138304997,0.059393576459973924,0.29999999999999999,0.17528565028660545,0.0043617051834467227,0.00016380841138304998,0.00064960910363074818,5.7887384404972219e-05,0.00087130489941877041,0.0034904002840279525,0.0083131773695099328,0,0,0,0
train:ECHO:0013,train,training,13,ECHO,long,2024-09-11,2024-10-10,2024-10-11,open_long,reverse_long_to_short,False,False,True,22,0.16827439580158066,0.057668960858890388,0.29999999999999999,0.19168961372993704,0.010969461726761146,0.00016827439580158066,0.00083300932305165705,5.6263466543989849e-05,0.0010575471853972276,0.0099119145413639181,0.015231490687185687,0,0,0,0
train:ECHO:0014,train,training,14,ECHO,short,2024-10-11,2024-11-21,2024-11-22,reverse_long_to_short,close_short,False,False,True,30,-0.16617587868631076,-0.060852755760769567,0.29999999999999999,0.23974137101928367,0.030087966677299353,0.00016617587868631077,0.0011608545036081673,6.1901277040247733e-05,0.0013889316593347259,0.028699035017964628,0.032375758215147939,-0.0025976268759303196,0,0,0
train:ECHO:0015,train,training,15,ECHO,long,2024-11-28,2024-12-17,,open_long,split_boundary_carry,False,True,False,14,0.14632927206936375,0.29999999999999999,0.29999999999999999,0.23016358644190255,0.011412293638552218,0.00014632927206936376,0.00063011476806456982,0,0.00077644404013393355,0.010635849598418285,0.013295908347727141,0,0,0,0
train:FOXTROT:0001,train,training,1,FOXTROT,long,2024-01-30,2024-02-01,2024-02-02,open_long,close_long,False,False,True,3,0.20000000000000001,0.20000000000000001,0.20000000000000001,0.20000000000000004,0.0021857825718381244,0.00020000000000000001,1.8540875785774956e-06,0.00019843408651586014,0.00040028817409443765,0.0017854943977436868,0.0040558907551823953,0,0,0,0
train:FOXTROT:0002,train,training,2,FOXTROT,long,2024-02-05,2024-02-21,2024-02-22,open_long,close_long,False,False,True,13,0.29367108952614873,0.070916289503597615,0.29999999999999999,0.2447732803430237,0.0068740324188296623,0.00029367108952614872,0.0007576707434778355,7.0758757514546617e-05,0.0011221005905185308,0.0057519318283111315,0.0096226091713643991,0,0,0,0
train:FOXTROT:0003,train,training,3,FOXTROT,short,2024-02-26,2024-03-08,2024-03-11,open_short,close_short,False,False,True,10,-0.24996062702446717,-0.091645123891112526,0.2821416859751148,0.1890976332677094,-0.0032959716808043044,0.00024996062702446715,0.0004021580008056752,9.1054342610778045e-05,0.00074317297044092039,-0.004039144651245225,0,-0.0054364452252438642,0,0,0
train:FOXTROT:0004,train,training,4,FOXTROT,short,2024-03-14,2024-03-28,2024-03-29,open_short,close_short,False,False,True,11,-0.22077572952891675,-0.089340613415147235,0.24573101394317934,0.15615312320253216,-0.0055635160459564566,0.00022077572952891673,0.00020592849269815555,9.0761831569714381e-05,0.00051746605379678664,-0.0060809820997532434,0.00041660436259039087,-0.007151913789667696,0,0,0
train:FOXTROT:0005,train,training,5,FOXTROT,short,2024-04-01,2024-05-01,2024-05-02,open_short,reverse_short_to_long,False,False,True,23,-0.20104016991769652,-0.062616439857582668,0.29999999999999999,0.21149789937061916,0.0050920930756649385,0.00020104016991769652,0.0014185811902249718,6.3738154462957201e-05,0.0016833595146056254,0.0034087335610593133,0.011486866459485748,-0.0032146915456842157,0,0,0
train:FOXTROT:0006,train,training,6,FOXTROT,long,2024-05-02,2024-05-09,2024-05-10,reverse_short_to_long,reverse_long_to_short,False,False,True,6,0.14638920623853777,0.20000000000000001,0.26413287708709837,0.22199515072290088,-0.0028435174935503493,0.00014638920623853772,0.00017979602464244477,0.00019756516227694381,0.00052375039315792626,-0.0033672678867082756,0.0013620906426497282,-0.0033672678867082756,0,0,0
train:FOXTROT:0007,train,training,7,FOXTROT,short,2024-05-10,2024-06-04,2024-06-05,reverse_long_to_short,close_short,False,False,True,18,-0.17708553272461092,-0.073532965300177111,0.29999999999999999,0.19489606891535419,0.0047246466186072833,0.0001770855327246109,0.0006792318255707116,7.5096930754125574e-05,0.0009314142890494481,0.0037932323295578351,0.011132700792978721,-0.0015062881293676235,0,0,0
train:FOXTROT:0008,train,training,8,FOXTROT,long,2024-06-07,2024-06-11,2024-06-12,open_long,close_long,False,False,True,3,0.17573512947720935,0.22015221425915302,0.22015221425915302,0.19124660855586365,-0.0046686424647881669,0.00017573512947720936,4.8152918067072277e-05,0.00021999215939844788,0.00044388020694272951,-0.0051125226717308962,0,-0.005112522671730897,0,0,0
train:FOXTROT:0009,train,training,9,FOXTROT,short,2024-06-13,2024-06-17,2024-06-18,open_short,close_short,False,False,True,3,-0.27524657092338833,-0.20000000000000001,0.27854708090606506,0.25126455060981784,-0.010061972574642974,0.0002752465709233883,8.9447610971609757e-05,0.00020584568504265389,0.00057053986693765199,-0.010632512441580626,0,-0.010632512441580626,0,0,0
train:FOXTROT:0010,train,training,10,FOXTROT,long,2024-06-19,2024-07-05,2024-07-08,open_long,close_long,False,False,True,13,0.29026849340906807,0.15677900606274728,0.29026849340906807,0.23390203252025821,0.0091553351599926343,0.00029026849340906804,0.00023264005603353246,0.0001558489671327762,0.00067875751657537665,0.0084765776434172577,0.015151017275569126,0,0,0,0
train:FOXTROT:0011,train,training,11,FOXTROT,long,2024-07-18,2024-09-18,2024-09-19,open_long,close_long,False,False,True,45,0.17980910181548215,0.053137653019421589,0.29999999999999999,0.21917231357325342,0.025584049673004858,0.00017980910181548216,0.0023247463113686873,5.2881043062434543e-05,0.002557436456246604,0.023026613216758255,0.032752349587769014,-0.0021280977525471746,0,0,0
train:FOXTROT:0012,train,training,12,FOXTROT,long,2024-10-02,2024-10-02,2024-10-03,open_long,close_long,False,False,True,1,0.16474236505812073,0.16474236505812073,0.16474236505812073,0.16474236505812073,-0.0021146231361743183,0.00016474236505812075,0,0.00016264503581582619,0.00032738740087394694,-0.0024420105370482653,0,-0.0024420105370482653,0,0,0
train:FOXTROT:0013,train,training,13,FOXTROT,long,2024-10-04,2024-10-18,2024-10-21,open_long,close_long,False,False,True,11,0.1670509163651224,0.17383848733799862,0.29964540809652329,0.22252549092192142,-0.00046761422115764362,0.0001670509163651224,0.00048726943275598808,0.0001726585629650349,0.00082697891208614546,-0.001294593133243789,0.011478520263365925,-0.0012945931332437868,0,0,0
train:FOXTROT:0014,train,training,14,FOXTROT,short,2024-10-22,2024-11-06,2024-11-07,open_short,close_short,False,False,True,12,-0.14550265675440349,-0.20000000000000001,0.28776617745233363,0.19794749648974486,0.0017303624999764036,0.00014550265675440351,0.00024077055802919714,0.00020030878798401328,0.00058658200276761393,0.0011437804972087898,0.0058635110727586629,0,0,0,0
train:FOXTROT:0015,train,training,15,FOXTROT,long,2024-11-11,2024-12-03,2024-12-04,open_long,close_long,False,False,True,17,0.21641120300548966,0.051863123496464568,0.29999999999999999,0.25039151720199054,0.01326269824318687,0.00021641120300548966,0.00042843898891733252,5.1453282161635504e-05,0.00069630347408445778,0.012566394769102412,0.022385796975793258,0,0,0,0
train:FOXTROT:0016,train,training,16,FOXTROT,short,2024-12-11,2024-12-16,2024-12-17,open_short,close_short,False,False,True,4,-0.14872835646895338,-0.04894158454612748,0.14872835646895338,0.074700425507057022,-0.00068685542541631155,0.00014872835646895338,0.00010047481177411076,4.9986417381932116e-05,0.00029918958562499625,-0.00098604501104130769,0,-0.0013460204862727229,0,0,0
validation:ALPHA:0001,validation,selection,1,ALPHA,short,2024-12-19,2024-12-19,2024-12-20,open_short,reverse_short_to_long,False,False,True,1,-0.21150751305598356,-0.21150751305598356,0.21150751305598356,0.21150751305598356,-0.0019213659338432572,0.00021150751305598354,0,0.00021668937713893336,0.0004281968901949169,-0.002349562824038174,0,-0.002349562824038174,0,0,0
validation:ALPHA:0002,validation,selection,2,ALPHA,long,2024-12-20,2024-12-20,2024-12-23,reverse_short_to_long,close_long,False,False,True,1,0.21102188335389488,0.21102188335389488,0.21102188335389488,0.21102188335389488,0.00071835290456179061,0.0002110218833538949,0,0.00021180985276802829,0.00042283173612192321,0.00029552116843986739,0.00050733102120789565,0,0,0,0
validation:ALPHA:0003,validation,selection,3,ALPHA,short,2024-12-26,2024-12-26,2024-12-27,open_short,reverse_short_to_long,False,False,True,1,-0.21745607609344711,-0.21745607609344711,0.21745607609344711,0.21745607609344711,-0.0032359921514934905,0.00021745607609344709,0,0.00022040614578182168,0.00043786222187526877,-0.0036738543733687594,0,-0.0036738543733687594,0,0,0
validation:ALPHA:0004,validation,selection,4,ALPHA,long,2024-12-27,2025-01-30,2025-01-31,reverse_short_to_long,reverse_long_to_short,False,False,True,25,0.22562895265627689,0.052387193906461751,0.29999999999999999,0.2743778059040281,0.03038951348438905,0.00022562895265627688,0.00058424787616465903,5.2432559761487679e-05,0.00086230938858242352,0.029527204095806628,0.038064659826688191,0,0,0,0
validation:ALPHA:0005,validation,selection,5,ALPHA,short,2025-01-31,2025-02-04,2025-02-05,reverse_long_to_short,close_short,False,False,True,3,-0.18848495459403136,-0.059158873209415819,0.21239926728940045,0.15334769836428255,-0.0020706433663851727,0.00018848495459403136,0.00018093974911452087,5.9103021041378255e-05,0.00042852772474993048,-0.0024991710911351031,0.00061517528044146197,-0.0024991710911351031,0,0,0
validation:ALPHA:0006,validation,selection,6,ALPHA,short,2025-02-06,2025-02-11,2025-02-12,open_short,reverse_short_to_long,False,False,True,4,-0.29999999999999999,-0.20000000000000001,0.29999999999999999,0.25,-0.0074281540341385906,0.00029999999999999997,0.00011097190184300515,0.00020114064820959561,0.00061211255005260074,-0.008040266584191191,0,-0.008040266584191191,0,0,0
validation:ALPHA:0007,validation,selection,7,ALPHA,long,2025-02-12,2025-02-25,2025-02-26,reverse_short_to_long,reverse_long_to_short,False,False,True,10,0.20349211197554745,0.058018830057622789,0.21881666349438647,0.17835902031479628,-0.00044709626886818424,0.00020349211197554746,0.00019589003468310697,5.8133635894246378e-05,0.00045751578255290076,-0.00090461205142108501,0.0052104701476748515,-0.0016747442984348963,0,0,0
validation:ALPHA:0008,validation,selection,8,ALPHA,short,2025-02-26,2025-03-18,2025-03-19,reverse_long_to_short,close_short,False,False,True,15,-0.14672673062310362,-0.17239134072635778,0.29999999999999999,0.26309747459704552,0.0030071353812496362,0.00014672673062310365,0.00051989661005859679,0.0001769950921565156,0.00084361843283821598,0.0021635169484114205,0.0071377888732354544,-0.0024337829075545513,0,0,0
validation:ALPHA:0009,validation,selection,9,ALPHA,long,2025-03-27,2025-04-03,2025-04-04,open_long,reverse_long_to_short,False,False,True,6,0.21231614953868327,0.15544570524819154,0.21231614953868327,0.17123454296358862,-0.0034829936417246372,0.00021231614953868324,0.00027458871412508733,0.00015505122129299835,0.00064195608495676889,-0.0041249497266814062,0.0034567048699935257,-0.0041249497266814062,0,0,0
validation:ALPHA:0010,validation,selection,10,ALPHA,short,2025-04-04,2025-04-07,2025-04-08,reverse_long_to_short,close_short,False,False,True,2,-0.2606290852614358,-0.14692736364893574,0.2606290852614358,0.20377822445518579,-0.00052442366435476932,0.00026062908526143578,0.00011476622829027196,0.00014705735173952056,0.00052245266529122832,-0.0010468763296459975,0,-0.0010468763296459975,0,0,0
validation:ALPHA:0011,validation,selection,11,ALPHA,short,2025-04-09,2025-04-14,,open_short,split_boundary_carry,False,True,False,4,-0.14247746477924236,-0.13534739818942421,0.26199893889935422,0.19372348974766837,-0.0013849707973810979,0.00014247746477924237,0.00025506709881226034,0,0.00039754456359150268,-0.0017825153609726005,0.0043669078799634864,-0.0017825153609726007,0,0,0
validation:BRAVO:0001,validation,selection,1,BRAVO,short,2024-12-19,,2024-12-19,split_boundary_carry,close_short,True,False,False,0,-0.2028946788966452,-0.2028946788966452,0,0,0,0,0,0.00020289467889664524,0.00020289467889664524,-0.00020289467889664524,0,-0.00020289467889664524,0,0,0
validation:BRAVO:0002,validation,selection,2,BRAVO,long,2024-12-20,2025-01-02,2025-01-03,open_long,close_long,False,False,True,10,0.22617977892902177,0.19428421113351715,0.24942079925592739,0.21385437357619147,0.0077793283321450375,0.00022617977892902178,0.00013184913095679534,0.00019432450239832556,0.0005523534122841427,0.0072269749198608946,0.0074493708699637472,-0.0012757207011234498,0,0,0
validation:BRAVO:0003,validation,selection,3,BRAVO,long,2025-01-08,2025-01-14,2025-01-15,open_long,reverse_long_to_short,False,False,True,5,0.14550529935686074,0.042936867150772481,0.20000000000000001,0.11703442333930654,-0.00034009882575045797,0.00014550529935686074,0.00020468559351393008,4.2381284129547641e-05,0.00039257217700033848,-0.0007326710027507964,0.0055885040871939519,-0.00073267100275079683,0,0,0
validation:BRAVO:0004,validation,selection,4,BRAVO,short,2025-01-15,2025-01-20,2025-01-21,reverse_long_to_short,close_short,False,False,True,4,-0.20000000000000001,-0.046493844223249724,0.20000000000000001,0.084975668215681074,-0.00073498931853535903,0.00020000000000000004,0.00015375928711628997,4.6572091986159968e-05,0.00040033137910244993,-0.0011353206976378091,0,-0.0011353206976378091,1,0,0
validation:BRAVO:0005,validation,selection,5,BRAVO,short,2025-01-22,2025-02-06,2025-02-07,open_short,close_short,False,False,True,12,-0.2504880910920021,-0.20000000000000001,0.28760073271059949,0.24617691624054541,0.00023514584971572093,0.0002504880910920021,0.00037819501070092388,0.00019803831749715714,0.00082672141929008311,-0.00059157556957436218,0.0092199441867494673,-0.0021628593188577501,0,0,0
validation:BRAVO:0006,validation,selection,6,BRAVO,long,2025-02-10,2025-02-10,2025-02-11,open_long,close_long,False,False,True,1,0.29999999999999999,0.29999999999999999,0.29999999999999999,0.29999999999999999,-0.00013688214000416864,0.00029999999999999997,0,0.00029909954743401694,0.00059909954743401692,-0.0007359816874381855,0,-0.0007359816874381855,0,0,0
validation:BRAVO:0007,validation,selection,7,BRAVO,short,2025-02-18,2025-02-18,2025-02-19,open_short,close_short,False,False,True,1,-0.18194597643506588,-0.18194597643506588,0.18194597643506588,0.18194597643506588,-0.0028486210498795614,0.00018194597643506589,0,0.00018397678320533127,0.00036592275964039716,-0.0032145438095199587,0,-0.0032145438095199583,0,0,0
validation:BRAVO:0008,validation,selection,8,BRAVO,short,2025-02-20,2025-02-27,2025-02-28,open_short,reverse_short_to_long,False,False,True,6,-0.18594747783513227,-0.056293381842221726,0.18594747783513227,0.082217787136597886,-0.0014307016739050567,0.00018594747783513225,0.00013547634530990192,5.7561799997950277e-05,0.00037898562314298446,-0.001809687297048041,0.00046357125581177928,-0.0018096872970480413,0,0,0
validation:BRAVO:0009,validation,selection,9,BRAVO,long,2025-02-28,2025-02-28,2025-03-03,reverse_short_to_long,close_long,False,False,True,1,0.20932256459094237,0.20932256459094237,0.20932256459094237,0.20932256459094237,-0.005980597709999886,0.00020932256459094232,0,0.00020595490836215503,0.00041527747295309734,-0.0063958751829529831,0,-0.0063958751829529831,0,0,0
validation:BRAVO:0010,validation,selection,10,BRAVO,short,2025-03-05,2025-03-06,2025-03-07,open_short,close_short,False,False,True,2,-0.20000000000000001,-0.20373515401184319,0.20373515401184319,0.20186757700592162,-0.002691660028975227,0.00020000000000000001,2.2428324914104126e-06,0.00020577137745335771,0.00040801420994476811,-0.0030996742389199951,0,-0.0030996742389199946,0,0,0
validation:BRAVO:0011,validation,selection,11,BRAVO,long,2025-03-10,2025-03-26,2025-03-27,open_long,close_long,False,False,True,13,0.28334459310560561,0.20000000000000001,0.29999999999999999,0.25052474480850262,0.0088343445033178449,0.00028334459310560558,0.00033630874020948453,0.0001994670986942963,0.00081912043200938638,0.0080152240713084588,0.016690723161690967,0,0,0,0
validation:BRAVO:0012,validation,selection,12,BRAVO,short,2025-03-28,2025-04-03,2025-04-04,open_short,close_short,False,False,True,5,-0.23230822152774852,-0.053407040086625779,0.28847715152284381,0.18036668614644122,-0.0014450755389211326,0.00023230822152774851,0.00030022748891307617,5.4334368525600239e-05,0.00058687007896642495,-0.0020319456178875574,0.0020503885082120859,-0.0020319456178875569,0,0,0
validation:BRAVO:0013,validation,selection,13,BRAVO,long,2025-04-09,2025-04-14,,open_long,split_boundary_carry,False,True,False,4,0.16224253990043697,0.29999999999999999,0.29999999999999999,0.24056063497510927,0.0029908577948728242,0.00016224253990043699,0.00013459664506204101,0,0.00029683918496247797,0.0026940186099103465,0.006005414868571742,0,0,0,0
validation:CHARLIE:0001,validation,selection,1,CHARLIE,short,2024-12-19,2024-12-25,2024-12-26,split_boundary_carry,reverse_short_to_long,True,False,False,5,-0.30199698342293874,-0.20000000000000001,0.29999999999999999,0.22846516841484826,-0.0085733931387599101,0,0.00041807293142740685,0.00020312709322440134,0.00062120002465180818,-0.0091945931634117191,0,-0.0091945931634117174,0,0,0
validation:CHARLIE:0002,validation,selection,2,CHARLIE,long,2024-12-26,2024-12-26,2024-12-27,reverse_short_to_long,reverse_long_to_short,False,False,True,1,0.19364771585408352,0.19364771585408352,0.19364771585408352,0.19364771585408352,-0.0047695786861261863,0.0001936477158540835,0,0.00018863343194299004,0.00038228114779707357,-0.0051518598339232603,0,-0.0051518598339232594,0,0,0
validation:CHARLIE:0003,validation,selection,3,CHARLIE,short,2024-12-27,2025-01-14,2025-01-15,reverse_long_to_short,close_short,False,False,True,13,-0.20000000000000001,-0.29999999999999999,0.29999999999999999,0.21817964251520017,0.0045288197538039497,0.00020000000000000001,0.00012167159246418665,0.00030283791253009714,0.00062450950499428378,0.0039043102488096658,0.0075845132033768017,-0.0020534323632461549,0,0,0
validation:CHARLIE:0004,validation,selection,4,CHARLIE,short,2025-01-16,2025-01-23,2025-01-24,open_short,close_short,False,False,True,6,-0.16829053213502385,-0.16849543293899147,0.27722093975957346,0.22016546363694864,-0.010212698244853149,0.00016829053213502385,0.00022794575247230822,0.00017011051012297499,0.00056634679473030708,-0.010779045039583456,0.0021168170045011707,-0.010779045039583457,0,0,0
validation:CHARLIE:0005,validation,selection,5,CHARLIE,long,2025-01-29,2025-02-06,2025-02-07,open_long,close_long,False,False,True,7,0.15509143719132276,0.24974425677793916,0.26628763772827335,0.21632961758071803,-0.00176046582223998,0.00015509143719132277,0.00022528566311790196,0.00024976711822723093,0.00063014421853645566,-0.0023906100407764357,0.0015712372680338834,-0.0031212092979093706,0,0,0
validation:CHARLIE:0006,validation,selection,6,CHARLIE,long,2025-02-11,2025-02-11,2025-02-12,open_long,reverse_long_to_short,False,False,True,1,0.20000000000000001,0.20000000000000001,0.20000000000000001,0.20000000000000001,-6.0048470311824254e-05,0.00020000000000000001,0,0.00019841189708119154,0.00039841189708119155,-0.0004584603673930158,0,-0.0004584603673930158,0,0,0
validation:CHARLIE:0007,validation,selection,7,CHARLIE,short,2025-02-12,2025-02-14,2025-02-17,reverse_long_to_short,close_short,False,False,True,3,-0.20000000000000001,-0.29999999999999999,0.29999999999999999,0.23168453450732876,0.0021464366656818376,0.00019999999999999996,0.00010591954528065674,0.00030160155875173496,0.00060752110403239161,0.001538915561649446,0.0040533860273833638,0,0,0,0
validation:CHARLIE:0008,validation,selection,8,CHARLIE,short,2025-02-24,2025-03-04,2025-03-05,open_short,close_short,False,False,True,7,-0.18543741426512178,-0.079759458806906422,0.29900879878097131,0.20140868671746848,-0.0054199305279056496,0.00018543741426512179,0.00040384441697401455,8.1664551525223111e-05,0.00067094638276435944,-0.0060908769106700093,0.003034347373873425,-0.0060908769106700093,0,0,0
validation:CHARLIE:0009,validation,selection,9,CHARLIE,long,2025-03-06,2025-03-06,2025-03-07,open_long,close_long,False,False,True,1,0.21268502335740982,0.21268502335740982,0.21268502335740982,0.21268502335740982,-0.0034136074119978693,0.00021268502335740984,0,0.00020903114094955323,0.00042171616430696304,-0.0038353235763048323,0,-0.0038353235763048327,0,0,0
validation:CHARLIE:0010,validation,selection,10,CHARLIE,long,2025-03-12,2025-03-13,2025-03-14,open_long,close_long,False,False,True,2,0.20027169479134904,0.063306412860213893,0.20027169479134904,0.13178905382578146,-0.0029351235438877165,0.00020027169479134904,0.00013352443502949777,6.2952810567621896e-05,0.00039674894038846869,-0.0033318724842761852,0,-0.0033318724842761856,0,0,0
validation:CHARLIE:0011,validation,selection,11,CHARLIE,short,2025-03-18,2025-03-28,2025-03-31,open_short,close_short,False,False,True,9,-0.28657200575572533,-0.055172984467622158,0.29999999999999999,0.24025173039805159,0.00022695333588070124,0.00028657200575572534,0.00054352557155194477,5.5443754070720231e-05,0.00088554133137839033,-0.00065858799549768903,0.00059287094073057233,-0.0044260725850392875,0,0,0
validation:CHARLIE:0012,validation,selection,12,CHARLIE,short,2025-04-02,2025-04-14,,open_short,split_boundary_carry,False,True,False,9,-0.29999999999999999,-0.064652601810575805,0.29999999999999999,0.18974915579065774,-0.0055766757654663428,0.00029999999999999997,0.00071331567356337918,0,0.0010133156735633792,-0.0065899914390297222,0.00041204157038387011,-0.0065899914390297222,0,0,0
validation:DELTA:0001,validation,selection,1,DELTA,long,2024-12-19,2024-12-30,2024-12-31,open_long,close_long,False,False,True,8,0.29999999999999999,0.053965861765417962,0.29999999999999999,0.14851414545015043,-0.011445828099098417,0.00029999999999999997,0.00071509275572904842,5.3344775768600295e-05,0.0010684375314976486,-0.012514265630596065,0,-0.014057924325460165,0,0,0
validation:DELTA:0002,validation,selection,2,DELTA,long,2025-01-03,2025-01-09,2025-01-10,open_long,reverse_long_to_short,False,False,True,5,0.20000000000000001,0.053343376757217099,0.20000000000000001,0.14104044351330033,-0.0061748229084132994,0.00020000000000000001,0.00014174375257776074,5.342398215833677e-05,0.00039516773473609757,-0.006569990643149397,0,-0.0065699906431493961,0,0,0
validation:DELTA:0003,validation,selection,3,DELTA,short,2025-01-10,2025-01-30,2025-01-31,reverse_long_to_short,close_short,False,False,True,15,-0.17404116139647047,-0.22923524397726364,0.29999999999999999,0.16424803816699779,-0.0053519326228874935,0.00017404116139647046,0.0008224077101438279,0.00023138746941936809,0.0012278363409596665,-0.0065797689638471598,0.0013074773879867161,-0.0065797689638471607,0,0,0
validation:DELTA:0004,validation,selection,4,DELTA,short,2025-02-04,2025-02-05,2025-02-06,open_short,reverse_short_to_long,False,False,True,2,-0.20366041261236262,-0.21518787055148278,0.21518787055148278,0.20942414158192268,-0.0088301282462974438,0.00020366041261236264,7.1878114637401736e-06,0.00022274205449224495,0.00043359027856834772,-0.0092637185248657921,0,-0.0092637185248657904,0,0,0
validation:DELTA:0005,validation,selection,5,DELTA,long,2025-02-06,2025-02-06,2025-02-07,reverse_short_to_long,reverse_long_to_short,False,False,True,1,0.16477574885395604,0.16477574885395604,0.16477574885395604,0.16477574885395604,-0.001067868777658105,0.00016477574885395607,0,0.00016362446159153858,0.00032840021044549465,-0.0013962689881035998,0,-0.0013962689881035998,0,0,0
validation:DELTA:0006,validation,selection,6,DELTA,short,2025-02-07,2025-02-07,2025-02-10,reverse_long_to_short,reverse_short_to_long,False,False,True,1,-0.20000000000000001,-0.20000000000000001,0.20000000000000001,0.20000000000000001,-0.0034704480760129998,0.00020000000000000001,0,0.00020641721742551319,0.0004064172174255132,-0.0038768652934385132,0,-0.0038768652934385132,0,0,0
validation:DELTA:0007,validation,selection,7,DELTA,long,2025-02-10,2025-03-04,2025-03-05,reverse_short_to_long,close_long,False,False,True,17,0.20000000000000001,0.20000000000000001,0.29999999999999999,0.25720386754297175,0.036605234041507562,0.00020000000000000001,0.00027034445550621646,0.00020206565998486946,0.0006724101154910859,0.035932823926016474,0.042579542428257719,0,0,0,0
validation:DELTA:0008,validation,selection,8,DELTA,short,2025-03-07,2025-03-11,2025-03-12,open_short,close_short,False,False,True,3,-0.20000000000000001,-0.20000000000000001,0.20000000000000001,0.20000000000000004,-0.0025067483560119678,0.00020000000000000001,3.6875097242292096e-06,0.00020405317114226856,0.00040774068086649781,-0.0029144890368784657,0.0019229316451722768,-0.0029144890368784653,0,0,0
validation:DELTA:0009,validation,selection,9,DELTA,long,2025-03-13,2025-03-18,2025-03-19,open_long,close_long,False,False,True,4,0.16588890785727289,0.20000000000000001,0.20000000000000001,0.1914722269643182,-0.0044764539079964593,0.00016588890785727291,3.9190194357055809e-05,0.00020000381867520697,0.00040508292088953571,-0.0048815368288859951,0,-0.0048815368288859943,0,0,0
validation:DELTA:0010,validation,selection,10,DELTA,short,2025-03-26,2025-04-01,2025-04-02,open_short,reverse_short_to_long,False,False,True,5,-0.21487774312177599,-0.21152284847715616,0.29999999999999999,0.20194258376129834,-0.0070654760057680226,0.00021487774312177601,0.00045866550741445575,0.00021787873313975457,0.00089142198367598625,-0.0079568979894440086,0,-0.0079568979894440086,0,0,0
validation:DELTA:0011,validation,selection,11,DELTA,long,2025-04-02,2025-04-09,2025-04-10,reverse_short_to_long,close_long,False,False,True,6,0.19167477517191253,0.061079755581112831,0.2200581168770348,0.16009433675310311,-0.0045724638317038886,0.00019167477517191249,0.00043530607939448545,6.0646153918572164e-05,0.00068762700848497011,-0.0052600908401888588,0,-0.0052600908401888606,0,0,0
validation:DELTA:0012,validation,selection,12,DELTA,short,2025-04-11,2025-04-14,,open_short,split_boundary_carry,False,True,False,2,-0.19884632357479584,-0.29999999999999999,0.29999999999999999,0.24942316178739793,0.00074463956000840798,0.00019884632357479584,0.00010145628344822714,0,0.00030030260702302301,0.00044433695298538498,0.0020202665176112583,0,0,0,0
validation:ECHO:0001,validation,selection,1,ECHO,long,2024-12-19,2024-12-19,2024-12-20,split_boundary_carry,close_long,True,False,False,1,0.29856081223846026,0.20000000000000001,0.20000000000000001,0.20000000000000001,-0.002097336357731927,0,9.8560812238460252e-05,0.00020092597178858327,0.00029948678402704355,-0.0023968231417589706,0,-0.0023968231417589706,0,0,0
validation:ECHO:0002,validation,selection,2,ECHO,short,2024-12-23,2025-01-13,2025-01-14,open_short,reverse_short_to_long,False,False,True,16,-0.20000000000000001,-0.058121497940087065,0.29999999999999999,0.25849877415298533,0.002922884021856682,0.00020000000000000001,0.00044303843804543167,5.8389943361509053e-05,0.00070142838140694079,0.0022214556404497412,0.018536751346420785,-0.0020775818920052867,0,0,0
validation:ECHO:0003,validation,selection,3,ECHO,long,2025-01-14,2025-02-07,2025-02-10,reverse_short_to_long,reverse_long_to_short,False,False,True,19,0.15706313284922754,0.21600936192496226,0.29999999999999999,0.21344043116710695,0.0072650573952201831,0.00015706313284922753,0.00096443558641514738,0.00021593557315535938,0.0013374342924197342,0.0059276231028004486,0.013520125170375808,-0.0014744650704952146,0,0,0
validation:ECHO:0004,validation,selection,4,ECHO,short,2025-02-10,2025-02-10,2025-02-11,reverse_long_to_short,close_short,False,False,True,1,-0.29999999999999999,-0.29999999999999999,0.29999999999999999,0.29999999999999999,-0.00077952644576815275,0.00029999999999999997,0,0.00030001362248007564,0.00060001362248007567,-0.0013795400682482285,0,-0.0013795400682482285,0,0,0
validation:ECHO:0005,validation,selection,5,ECHO,short,2025-02-17,2025-02-21,2025-02-24,open_short,reverse_short_to_long,False,False,True,5,-0.29999999999999999,-0.20744020969090601,0.29999999999999999,0.18051701289716143,-0.0068169615574797254,0.00029999999999999997,0.0007079877537786623,0.0002087379637757988,0.001216725717554461,-0.0080336872750341858,0,-0.0080336872750341876,0,0,0
validation:ECHO:0006,validation,selection,6,ECHO,long,2025-02-24,2025-03-11,2025-03-12,reverse_short_to_long,reverse_long_to_short,False,False,True,12,0.21371377190342761,0.065052575262093945,0.29999999999999999,0.20567012621994574,-0.0027461581661905013,0.00021371377190342758,0.0010313396738804523,6.4645139009747549e-05,0.0013096985847936276,-0.0040558567509841291,0.0035107074639682038,-0.0046721968048653532,0,0,0
validation:ECHO:0007,validation,selection,7,ECHO,short,2025-03-12,2025-03-13,2025-03-14,reverse_long_to_short,close_short,False,False,True,2,-0.20000000000000001,-0.060185707195670554,0.20000000000000001,0.13009285359783529,-0.0023276684529141252,0.00019999999999999998,0.00014052417532743345,6.0927981021757401e-05,0.00040145215634919081,-0.0027291206092633158,0,-0.0027291206092633158,0,0,0
validation:ECHO:0008,validation,selection,8,ECHO,long,2025-03-19,2025-04-14,,open_long,split_boundary_carry,False,True,False,19,0.20000000000000001,0.20000000000000001,0.29999999999999999,0.27630443062102167,0.029649709924660438,0.00020000000000000001,0.0003733862344939842,0,0.00057338623449398418,0.029076323690166453,0.034742796291346544,0,0,0,0
validation:FOXTROT:0001,validation,selection,1,FOXTROT,long,2024-12-19,,2024-12-19,split_boundary_carry,close_long,True,False,False,0,0.1996265515311193,0.1996265515311193,0,0,0,0,0,0.00019962655153111931,0.00019962655153111931,-0.00019962655153111931,0,-0.00019962655153111931,0,0,0
validation:FOXTROT:0002,validation,selection,2,FOXTROT,short,2024-12-20,2024-12-20,2024-12-23,open_short,close_short,False,False,True,1,-0.20000000000000001,-0.20000000000000001,0.20000000000000001,0.20000000000000001,-0.0033342930737648492,0.00020000000000000001,0,0.00020340114585531524,0.00040340114585531525,-0.0037376942196201642,0,-0.0037376942196201647,0,0,0
validation:FOXTROT:0003,validation,selection,3,FOXTROT,short,2024-12-24,2024-12-24,2024-12-25,open_short,reverse_short_to_long,False,False,True,1,-0.17431265700197993,-0.17431265700197993,0.17431265700197993,0.17431265700197993,-0.00089613515535327175,0.00017431265700197993,0,0.00017478105364901656,0.00034909371065099646,-0.0012452288660042682,0,-0.0012452288660042682,0,0,0
validation:FOXTROT:0004,validation,selection,4,FOXTROT,long,2024-12-25,2024-12-25,2024-12-26,reverse_short_to_long,close_long,False,False,True,1,0.2028560356124639,0.2028560356124639,0.2028560356124639,0.2028560356124639,-0.0019052852854004568,0.00020285603561246392,0,0.00020180802514949562,0.00040466406076195954,-0.0023099493461624164,0,-0.0023099493461624164,0,0,0
validation:FOXTROT:0005,validation,selection,5,FOXTROT,long,2025-01-13,2025-01-13,2025-01-14,open_long,close_long,False,False,True,1,0.15246588750650053,0.15246588750650053,0.15246588750650053,0.15246588750650053,-0.00039909516220143162,0.00015246588750650054,0,0.00015192159018909753,0.00030438747769559807,-0.00070348263989702974,0,-0.00070348263989702964,0,0,0
validation:FOXTROT:0006,validation,selection,6,FOXTROT,short,2025-01-21,2025-01-21,2025-01-22,open_short,close_short,False,False,True,1,-0.15159280020598154,-0.15159280020598154,0.15159280020598154,0.15159280020598154,-0.0025323159213364523,0.00015159280020598154,0,0.0001553937525089266,0.00030698655271490811,-0.0028393024740513604,0,-0.0028393024740513604,0,0,0
validation:FOXTROT:0007,validation,selection,7,FOXTROT,short,2025-01-24,2025-01-31,2025-02-03,open_short,close_short,False,False,True,6,-0.15638894626170377,-0.055179575085213504,0.16122425578606003,0.10462812963553836,-0.0040942071268852357,0.00015638894626170377,0.00034448943375325008,5.6139812938001786e-05,0.00055701819295295564,-0.0046512253198381917,0,-0.0046512253198381917,0,0,0
validation:FOXTROT:0008,validation,selection,8,FOXTROT,long,2025-02-07,2025-02-07,2025-02-10,open_long,close_long,False,False,True,1,0.28399063807503777,0.28399063807503777,0.28399063807503777,0.28399063807503777,-0.0033643064598014513,0.00028399063807503782,0,0.0002846905143036114,0.00056868115237864922,-0.0039329876121801007,0,-0.0039329876121801007,0,0,0
validation:FOXTROT:0009,validation,selection,9,FOXTROT,short,2025-02-11,2025-02-25,2025-02-26,open_short,close_short,False,False,True,11,-0.29999999999999999,-0.24489759323926319,0.29999999999999999,0.25021591451191921,0.0030621810488602602,0.00029999999999999997,0.00022359813775738347,0.00025755057572357564,0.00078114871348095906,0.0022810323353793013,0.012039328274501129,-0.0014362099778897578,0,0,0
validation:FOXTROT:0010,validation,selection,10,FOXTROT,short,2025-03-04,2025-03-04,2025-03-05,open_short,reverse_short_to_long,False,False,True,1,-0.1264077243931144,-0.1264077243931144,0.1264077243931144,0.1264077243931144,-0.00073725668102514648,0.00012640772439311441,0,0.00012701640634660676,0.00025342413073972116,-0.00099068081176486764,0,-0.00099068081176486764,0,0,0
validation:FOXTROT:0011,validation,selection,11,FOXTROT,long,2025-03-05,2025-03-11,2025-03-12,reverse_short_to_long,close_long,False,False,True,5,0.20000000000000001,0.23200331982414246,0.26262174406628758,0.19048631437690602,-0.0059295016817622961,0.00020000000000000001,0.0004695299858229736,0.00022877292258310437,0.00089830290840607792,-0.0068278045901683741,0.0042389476295794613,-0.0068278045901683758,0,0,0
validation:FOXTROT:0012,validation,selection,12,FOXTROT,short,2025-03-13,2025-03-25,2025-03-26,open_short,close_short,False,False,True,9,-0.22276798892874608,-0.28138869684293516,0.28321297667617235,0.21010411701792392,-0.004213705098714657,0.00022276798892874607,0.0006822477450627748,0.00028426108641277923,0.0011892768204043,-0.0054029819191189574,0.0009205351079764173,-0.0054029819191189574,0,0,0
validation:FOXTROT:0013,validation,selection,13,FOXTROT,short,2025-03-31,2025-03-31,2025-04-01,open_short,close_short,False,False,True,1,-0.15628784632074519,-0.15628784632074519,0.15628784632074519,0.15628784632074519,-0.00276930646586355,0.00015628784632074519,0,0.00015847412392488148,0.00031476197024562667,-0.0030840684361091767,0,-0.0030840684361091767,0,0,0
validation:FOXTROT:0014,validation,selection,14,FOXTROT,short,2025-04-02,2025-04-09,2025-04-10,open_short,close_short,False,False,True,6,-0.14527760288133632,-0.057522535220757613,0.28574931426936562,0.16713857153382503,-0.0067636479502689089,0.0001452776028813363,0.00037303323184317746,5.7505971903462637e-05,0.00057581680662797648,-0.0073394647568968858,0,-0.007339464756896885,0,0,0
test:ALPHA:0001,test,visible-audit,1,ALPHA,short,2025-04-16,2025-05-16,2025-05-19,split_boundary_carry,reverse_short_to_long,True,False,False,23,-0.25842036853278466,-0.054556165926137636,0.29999999999999999,0.24259078217971974,0.037371073925058534,0,0.00056561403581360445,5.5053542414805477e-05,0.00062066757822840991,0.036750406346830126,0.047291804975172311,0,0,0,0
test:ALPHA:0002,test,visible-audit,2,ALPHA,long,2025-05-19,2025-06-03,2025-06-04,reverse_short_to_long,close_long,False,False,True,12,0.14670686480553305,0.20000000000000001,0.29317983570519773,0.23319902028516504,0.011364354469711065,0.00014670686480553307,0.00035326490903654487,0.00020222253125452995,0.00070219430509660787,0.010662160164614458,0.012160476729497334,0,0,0,0
test:ALPHA:0003,test,visible-audit,3,ALPHA,long,2025-06-06,2025-06-06,2025-06-09,open_long,reverse_long_to_short,False,False,True,1,0.16033885015145299,0.16033885015145299,0.16033885015145299,0.16033885015145299,-0.0017889081826837293,0.000160338850151453,0,0.0001578873128334454,0.00031822616298489838,-0.0021071343456686275,0,-0.0021071343456686279,0,0,0
test:ALPHA:0004,test,visible-audit,4,ALPHA,short,2025-06-09,2025-06-13,2025-06-16,reverse_long_to_short,close_short,False,False,True,5,-0.16583304672811719,-0.061429497504777136,0.20000000000000001,0.10971709074805665,-0.0029487153659441276,0.00016583304672811719,0.0001766433992307046,6.2196368689473075e-05,0.00040467281464829491,-0.0033533881805924226,0,-0.0033533881805924226,0,0,0
test:ALPHA:0005,test,visible-audit,5,ALPHA,long,2025-06-17,2025-06-17,2025-06-18,open_long,close_long,False,False,True,1,0.17274843045963262,0.17274843045963262,0.17274843045963262,0.17274843045963262,-0.00011896615869462873,0.00017274843045963261,0,0.00017347527042141129,0.0003462237008810439,-0.00046518985957567265,0,-0.00046518985957567265,0,0,0
test:ALPHA:0006,test,visible-audit,6,ALPHA,short,2025-06-26,2025-08-08,,open_short,split_boundary_carry,False,True,False,32,-0.16498535847083881,-0.22971479309512083,0.29999999999999999,0.24279499548291011,0.040540724906046155,0.00016498535847083882,0.00083646939577973662,0,0.0010014547542505753,0.039539270151795577,0.041854815613453708,-0.00065012130471829848,0,0,0
test:BRAVO:0001,test,visible-audit,1,BRAVO,long,2025-04-16,2025-05-09,2025-05-12,split_boundary_carry,close_long,True,False,False,18,0.29134994435039063,0.054389094941405744,0.29999999999999999,0.22941323821866291,0.014641657237732073,0,0.00081448438375262785,5.4200458430187816e-05,0.00086868484218281567,0.013772972395549256,0.017127290414208816,-0.0029240793259407505,0,0,0
test:BRAVO:0002,test,visible-audit,2,BRAVO,long,2025-05-19,2025-06-05,2025-06-06,open_long,reverse_long_to_short,False,False,True,14,0.29224887954976175,0.060288761604108058,0.29999999999999999,0.24532218114415905,0.0039979389391234686,0.00029224887954976174,0.00062347762919990387,5.887957131627403e-05,0.0009746060800659396,0.0030233328590575292,0.009216582544073813,0,0,0,0
test:BRAVO:0003,test,visible-audit,3,BRAVO,short,2025-06-06,2025-06-09,2025-06-10,reverse_long_to_short,close_short,False,False,True,2,-0.17477236902685042,-0.061603357186100334,0.17477236902685042,0.11818786310647537,-0.0017546872720412929,0.0001747723690268504,0.00011315236083249667,6.2542276435486737e-05,0.00035046700629483383,-0.0021051542783361269,0,-0.0021051542783361269,0,0,0
test:BRAVO:0004,test,visible-audit,4,BRAVO,short,2025-06-11,2025-06-26,2025-06-27,open_short,reverse_short_to_long,False,False,True,12,-0.26820487045987063,-0.05733250183486082,0.29999999999999999,0.24180612582590802,0.0069871241317808926,0.00026820487045987066,0.00030964174110471117,5.7967764498843153e-05,0.00063581437606342504,0.0063513097557174672,0.010449214926253343,0,0,0,0
test:BRAVO:0005,test,visible-audit,5,BRAVO,long,2025-06-27,2025-07-04,2025-07-07,reverse_short_to_long,reverse_long_to_short,False,False,True,6,0.20000000000000001,0.15320994677590441,0.20000000000000001,0.10677557263819619,-0.0038779417703367616,0.00020000000000000004,0.00025678475415176906,0.00015245347246452151,0.00060923822661629063,-0.0044871799969530522,0,-0.0044871799969530522,0,0,0
test:BRAVO:0006,test,visible-audit,6,BRAVO,short,2025-07-07,2025-07-11,2025-07-14,reverse_long_to_short,reverse_short_to_long,False,False,True,5,-0.16113987684317119,-0.20000000000000001,0.20000000000000001,0.17518686086928045,-0.0033540415132301505,0.00016113987684317115,4.1032382223631539e-05,0.00020495992456022813,0.00040713218362703084,-0.0037611736968571814,0.0030839192396997263,-0.0037611736968571809,0,0,0
test:BRAVO:0007,test,visible-audit,7,BRAVO,long,2025-07-14,2025-07-22,2025-07-23,reverse_short_to_long,close_long,False,False,True,7,0.20000000000000001,0.05108161088123031,0.20000000000000001,0.094954858031990177,-0.0039202276069873407,0.00019999999999999998,0.00014236723213901527,5.1006971900699114e-05,0.00039337420403971437,-0.0043136018110270548,0,-0.0043136018110270565,0,0,0
test:BRAVO:0008,test,visible-audit,8,BRAVO,short,2025-07-28,2025-07-31,2025-08-01,open_short,reverse_short_to_long,False,False,True,4,-0.15979702671569751,-0.057822915829642246,0.20000000000000001,0.14189639662074452,-0.0052375587848144988,0.00015979702671569751,0.00021101827480425836,6.065000049765656e-05,0.00043146530201761243,-0.0056690240868321109,0,-0.0056690240868321109,0,0,0
test:BRAVO:0009,test,visible-audit,9,BRAVO,long,2025-08-01,2025-08-08,,reverse_short_to_long,split_boundary_carry,False,True,False,6,0.13250518677245696,0.23784826581016386,0.27038360256752714,0.15913683659072872,-0.0051434365014408848,0.00013250518677245695,0.00073449773683589023,0,0.00086700292360834721,-0.0060104394250492322,0,-0.0062199545671121556,0,0,0
test:CHARLIE:0001,test,visible-audit,1,CHARLIE,long,2025-04-16,2025-04-24,2025-04-25,split_boundary_carry,close_long,True,False,False,7,0.20932611141812713,0.058644744957086228,0.29999999999999999,0.11408186601373127,-0.0071776351861062813,0,0.00062417151564097986,5.8733630499683477e-05,0.0006829051461406633,-0.0078605403322469444,0,-0.0079667823884967438,0,0,0
test:CHARLIE:0002,test,visible-audit,2,CHARLIE,short,2025-04-30,2025-05-06,2025-05-07,open_short,reverse_short_to_long,False,False,True,5,-0.23669502167680931,-0.071009083215136978,0.23669502167680931,0.16984685575871422,-0.0045466659449179877,0.00023669502167680928,0.00048423207344947602,7.3031816770252329e-05,0.00079395891189653765,-0.0053406248568145251,0,-0.0053406248568145269,0,0,0
test:CHARLIE:0003,test,visible-audit,3,CHARLIE,long,2025-05-07,2025-05-20,2025-05-21,reverse_short_to_long,close_long,False,False,True,10,0.18623091564243488,0.065775605055052561,0.27715910317374748,0.16467879086749887,-0.0040307790813978632,0.00018623091564243488,0.00057068777207390519,6.4370934630834933e-05,0.0008212896223471751,-0.0048520687037450381,0,-0.0048520687037450381,0,0,0
test:CHARLIE:0004,test,visible-audit,4,CHARLIE,short,2025-05-23,2025-06-17,2025-06-18,open_short,close_short,False,False,True,18,-0.1496769335931456,-0.20000000000000001,0.29999999999999999,0.21339554394673049,0.004384123653241704,0.00014967693359314559,0.00066571647936458937,0.00020163185002644343,0.0010170252629841784,0.0033670983902575257,0.0099224832568717801,-0.0035693578228126258,0,0,0
test:CHARLIE:0005,test,visible-audit,5,CHARLIE,short,2025-06-19,2025-06-19,2025-06-20,open_short,reverse_short_to_long,False,False,True,1,-0.15637161918978401,-0.15637161918978401,0.15637161918978401,0.15637161918978401,-0.00088191479859219587,0.00015637161918978401,0,0.00015721478144605338,0.00031358640063583736,-0.0011955011992280332,0,-0.0011955011992280332,0,0,0
test:CHARLIE:0006,test,visible-audit,6,CHARLIE,long,2025-06-20,2025-06-26,2025-06-27,reverse_short_to_long,close_long,False,False,True,5,0.14623861016367171,0.20000000000000001,0.28867459469150231,0.18452765755210115,-0.0045105385808889061,0.00014623861016367171,0.00023666690958185871,0.0001975082142597846,0.00058041373400531497,-0.0050909523148942211,0,-0.0050909523148942211,0,0,0
test:CHARLIE:0007,test,visible-audit,7,CHARLIE,short,2025-07-03,2025-07-04,2025-07-07,open_short,close_short,False,False,True,2,-0.18349523335687803,-0.067052031443963558,0.18349523335687803,0.1252736324004208,-0.00090719860754805961,0.00018349523335687803,0.00011810416161467556,6.693915165760438e-05,0.00036853854662915791,-0.0012757371541772175,0,-0.0013392926471016652,0,0,0
test:CHARLIE:0008,test,visible-audit,8,CHARLIE,long,2025-07-10,2025-08-05,2025-08-06,open_long,close_long,False,False,True,19,0.17965414410310288,0.20607172587382963,0.29999999999999999,0.26603021634811197,0.012937503677947174,0.00017965414410310289,0.00076322871438477195,0.00020389795028951231,0.0011467808087773871,0.011790722869169786,0.019560750187493703,0,0,0,0
test:CHARLIE:0009,test,visible-audit,9,CHARLIE,long,2025-08-08,2025-08-08,,open_long,split_boundary_carry,False,True,False,1,0.20119986675305504,0.20119986675305504,0.20119986675305504,0.20119986675305504,0.0028372923075880878,0.00020119986675305507,0,0,0.00020119986675305507,0.0026360924408350326,0.0026360924408350326,0,0,0,0
test:DELTA:0001,test,visible-audit,1,DELTA,short,2025-04-16,2025-04-17,2025-04-18,split_boundary_carry,close_short,True,False,False,2,-0.23837293303818116,-0.055448336052161984,0.29999999999999999,0.17772416802608099,-0.011614891766075048,0,0.00032251372418270064,5.6660902278454591e-05,0.00037917462646115522,-0.011994066392536203,0,-0.011994066392536204,0,0,0
test:DELTA:0002,test,visible-audit,2,DELTA,long,2025-04-21,2025-05-07,2025-05-08,open_long,close_long,False,False,True,13,0.14725038962377379,0.047547506237733274,0.29999999999999999,0.22069751490856213,0.011805482495684928,0.00014725038962377378,0.00044854815638136478,4.7909592498065047e-05,0.00064370813850320369,0.011161774357181724,0.013755373651653958,0,0,0,0
test:DELTA:0003,test,visible-audit,3,DELTA,short,2025-05-14,2025-06-06,2025-06-09,open_short,close_short,False,False,True,18,-0.26665830277230201,-0.063991357870321189,0.29999999999999999,0.27377248330792914,0.013775770430607468,0.00026665830277230199,0.00062029137637994915,6.3194396521269722e-05,0.00095014407567352082,0.012825626354933947,0.022606658357417847,0,0,0,0
test:DELTA:0004,test,visible-audit,4,DELTA,long,2025-06-11,2025-06-13,2025-06-16,open_long,close_long,False,False,True,3,0.1924992618835844,0.18948147921182698,0.1924992618835844,0.14885811210525535,-0.0029607519636012853,0.0001924992618835844,0.00025222670638584905,0.00018799696428803753,0.00063272293255747097,-0.0035934748961587563,0,-0.0035934748961587567,0,0,0
test:DELTA:0005,test,visible-audit,5,DELTA,short,2025-06-18,2025-06-25,2025-06-26,open_short,close_short,False,False,True,6,-0.22162639027207987,-0.29999999999999999,0.29999999999999999,0.20874902559421471,-0.0044154042110515004,0.00022162639027207987,0.00038913738999828802,0.00030751580430889169,0.0009182795845792596,-0.0053336837956307597,0.0026058052099779227,-0.0053336837956307597,0,0,0
test:DELTA:0006,test,visible-audit,6,DELTA,long,2025-06-30,2025-07-10,2025-07-11,open_long,close_long,False,False,True,9,0.17665099952799276,0.059433116274922766,0.29999999999999999,0.2306965428440694,-0.006804703930381132,0.00017665099952799277,0.00036188895899872065,5.8264542129432705e-05,0.00059680450065614614,-0.0074015084310372781,0.003841329085829375,-0.0074015084310372773,0,0,0
test:DELTA:0007,test,visible-audit,7,DELTA,short,2025-07-14,2025-07-22,2025-07-23,open_short,close_short,False,False,True,7,-0.20000000000000001,-0.057765834690452982,0.203521628992273,0.11931103384349252,-0.0066867533206478348,0.00020000000000000001,0.00014391843841509084,5.8276413453468127e-05,0.00040219485186855896,-0.0070889481725163938,0,-0.007088948172516393,0,0,0
test:DELTA:0008,test,visible-audit,8,DELTA,long,2025-07-28,2025-08-08,,open_long,split_boundary_carry,False,True,False,10,0.28593552959863777,0.060951867436781097,0.29999999999999999,0.18172504378902346,-0.011499835130884034,0.00028593552959863775,0.0012340265127979582,0,0.0015199620423965959,-0.013019797173280631,0,-0.013487318665748968,0,0,0
test:ECHO:0001,test,visible-audit,1,ECHO,short,2025-04-17,2025-04-29,2025-04-30,open_short,close_short,False,False,True,9,-0.18890679134881383,-0.208883271540518,0.2205860227000486,0.19012251898206423,0.00035398021054404384,0.00018890679134881384,0.00034009463808125416,0.00020899135104688907,0.00073799278047695707,-0.00038401256993291324,0.0027330709230711714,-0.0044290582460117774,0,0,0
test:ECHO:0002,test,visible-audit,2,ECHO,short,2025-05-06,2025-05-07,2025-05-08,open_short,reverse_short_to_long,False,False,True,2,-0.17468083026555592,-0.063874765662798538,0.17468083026555592,0.11927779796417723,-0.00069107261958478749,0.00017468083026555591,0.00011145268551530192,6.4702115428496302e-05,0.00035083563120935418,-0.0010419082507941418,0,-0.0010419082507941416,0,0,0
test:ECHO:0003,test,visible-audit,3,ECHO,long,2025-05-08,2025-05-16,2025-05-19,reverse_short_to_long,reverse_long_to_short,False,False,True,7,0.17060062390613165,0.29942446847840415,0.29999999999999999,0.26245194137941247,-0.0061145217809673068,0.00017060062390613165,0.00013687973998215743,0.00029353277337324641,0.00060101313726153554,-0.0067155349182288424,0.003273292851594424,-0.0067155349182288424,0,0,0
test:ECHO:0004,test,visible-audit,4,ECHO,short,2025-05-19,2025-05-20,2025-05-21,reverse_long_to_short,close_short,False,False,True,2,-0.16072663363933207,-0.053844128184223482,0.16072663363933207,0.10728538091177778,-0.0013486130848070171,0.00016072663363933212,0.00010671209041536442,5.3946504569972163e-05,0.00032138522862466872,-0.0016699983134316858,0,-0.0016699983134316858,0,0,0
test:ECHO:0005,test,visible-audit,5,ECHO,long,2025-06-04,2025-07-11,2025-07-14,open_long,close_long,False,False,True,28,0.20000000000000001,0.20000000000000001,0.29999999999999999,0.21154892976871784,-0.002178715922256531,0.00020000000000000001,0.002290654472245406,0.00019793279542571895,0.0026885872676711249,-0.004867303189927656,0.0018314465295267374,-0.0073051869605961911,0,0,0
test:ECHO:0006,test,visible-audit,6,ECHO,long,2025-07-16,2025-07-29,2025-07-30,open_long,close_long,False,False,True,10,0.150855618241721,0.039346539201621233,0.2011086665882974,0.14693877652653281,-0.0050003270693942028,0.00015085561824172101,0.0002098171236415914,3.981966000912236e-05,0.00040049240189243476,-0.0054008194712866376,0.0036214780151193901,-0.0058959330750601524,0,0,0
test:ECHO:0007,test,visible-audit,7,ECHO,short,2025-07-31,2025-08-08,,open_short,split_boundary_carry,False,True,False,7,-0.14217708417035776,-0.27028520690487912,0.27172446208200118,0.18167834674469077,0.0051229877973296787,0.00014217708417035778,0.00033496324130135203,0,0.00047714032547170983,0.0046458474718579692,0.0046458474718579683,-0.000239483682386564,0,0,0
test:FOXTROT:0001,test,visible-audit,1,FOXTROT,long,2025-04-17,2025-04-17,2025-04-18,open_long,close_long,False,False,True,1,0.2841646806541287,0.2841646806541287,0.2841646806541287,0.2841646806541287,-0.0074432920415164047,0.00028416468065412871,0,0.00027732673341835892,0.00056149141407248757,-0.0080047834555888927,0,-0.0080047834555888927,0,0,0
test:FOXTROT:0002,test,visible-audit,2,FOXTROT,short,2025-04-21,2025-04-24,2025-04-25,open_short,close_short,False,False,True,4,-0.18823113798399346,-0.058260524264059636,0.18823113798399346,0.091381894909355596,-0.0040139237516508075,0.00018823113798399347,0.00013215803986150719,5.9979094561425167e-05,0.00038036827240692586,-0.0043942920240577334,0,-0.0043942920240577334,0,0,0
test:FOXTROT:0003,test,visible-audit,3,FOXTROT,short,2025-05-01,2025-05-01,2025-05-02,open_short,close_short,False,False,True,1,-0.16625743052227004,-0.16625743052227004,0.16625743052227004,0.16625743052227004,-0.0022053780417096592,0.00016625743052227005,0,0.00016805638983686416,0.00033431382035913418,-0.0025396918620687933,0,-0.0025396918620687933,0,0,0
test:FOXTROT:0004,test,visible-audit,4,FOXTROT,short,2025-05-07,2025-05-23,2025-05-26,open_short,close_short,False,False,True,13,-0.16076223891113373,-0.052360712874579558,0.20032058223598473,0.15309614492988438,-0.0023887963271515466,0.00016076223891113372,0.00069455313957371553,5.3087964339537974e-05,0.00090840334282438727,-0.0032971996699759339,0.002690477181935165,-0.003297199669975933,0,0,0
test:FOXTROT:0005,test,visible-audit,5,FOXTROT,long,2025-06-05,2025-06-24,2025-06-25,open_long,reverse_long_to_short,False,False,True,14,0.16762051060918176,0.055104882224238309,0.28193909360545627,0.20019345343932496,-0.00018524105503706697,0.00016762051060918175,0.00055413284265880399,5.4232981189283561e-05,0.00077598633445726927,-0.00096122738949433624,0.0096443319972613264,-0.0016408482359690584,0,0,0
test:FOXTROT:0006,test,visible-audit,6,FOXTROT,short,2025-06-25,2025-07-10,2025-07-11,reverse_long_to_short,close_short,False,False,True,12,-0.15027287636826811,-0.048591615132645198,0.29999999999999999,0.23359617773562155,0.0089363098919224646,0.00015027287636826812,0.00045277134137476047,4.8035778890201939e-05,0.00065107999663323052,0.0082852298952892332,0.0091462385128793389,0,0,0,0
test:FOXTROT:0007,test,visible-audit,7,FOXTROT,short,2025-07-17,2025-07-29,2025-07-30,open_short,close_short,False,False,True,9,-0.15527764917239989,-0.050034356062361812,0.20158953049047609,0.14605904167772821,-0.00078035933097050198,0.00015527764917239989,0.00020800971241185324,4.980550974424777e-05,0.00041309287132850088,-0.0011934522022990029,0.0025689997037528899,-0.001291030843275628,0,0,0
test:FOXTROT:0008,test,visible-audit,8,FOXTROT,short,2025-08-01,2025-08-05,2025-08-06,open_short,reverse_short_to_long,False,False,True,3,-0.15753516059087797,-0.059179170800080304,0.15886683264136137,0.12519372134410653,-0.0017489715443960714,0.00015753516059087796,0.0001018625124190447,6.0416826884982868e-05,0.00031981449989490555,-0.0020687860442909771,0,-0.0020687860442909767,0,0,0
test:FOXTROT:0009,test,visible-audit,9,FOXTROT,long,2025-08-06,2025-08-06,2025-08-07,reverse_short_to_long,close_long,False,False,True,1,0.29344701183357708,0.29344701183357708,0.29344701183357708,0.29344701183357708,-0.0033491744558442967,0.00029344701183357704,0,0.00028979674222399932,0.00058324375405757636,-0.0039324182099018728,0,-0.0039324182099018728,0,0,0
